take_id,sequence,chapter,cue_first,cue_last,start,end,available_seconds,word_count,effective_wpm,timing_flag,text,recording_status
T001,S1,The feeling of sameness,1,1,00:00:00.000,00:00:07.000,7.000,14,120.0,NORMAL,Walk through almost any new part of a city and something feels strangely familiar.,PENDING_HUMAN_VOICE_SELECTION
T002,S1,The feeling of sameness,2,2,00:00:07.000,00:00:11.161,4.161,8,115.4,NORMAL,The cars arrive in the same narrow palette.,PENDING_HUMAN_VOICE_SELECTION
T003,S1,The feeling of sameness,3,3,00:00:11.161,00:00:16.000,4.839,9,111.6,NORMAL,"The cafés share pale wood, black metal, and green.",PENDING_HUMAN_VOICE_SELECTION
T004,S1,The feeling of sameness,4,5,00:00:16.000,00:00:23.000,7.000,15,128.6,NORMAL,"Logos use clean letters. New apartment blocks repeat grids of glass, concrete, and muted cladding.",PENDING_HUMAN_VOICE_SELECTION
T005,S1,The feeling of sameness,6,6,00:00:23.000,00:00:30.000,7.000,13,111.4,NORMAL,It can feel as if all of it came from one invisible catalog.,PENDING_HUMAN_VOICE_SELECTION
T006,S1,The feeling of sameness,7,7,00:00:30.000,00:00:34.087,4.087,9,132.1,NORMAL,But the world does not literally look the same.,PENDING_HUMAN_VOICE_SELECTION
T007,S1,The feeling of sameness,8,9,00:00:34.087,00:00:38.000,3.913,9,138.0,NORMAL,Tokyo is not Lagos. Geneva is not Mexico City.,PENDING_HUMAN_VOICE_SELECTION
T008,S1,The feeling of sameness,10,10,00:00:38.000,00:00:41.478,3.478,8,138.0,NORMAL,A family shop is not a global franchise.,PENDING_HUMAN_VOICE_SELECTION
T009,S1,The feeling of sameness,11,11,00:00:41.478,00:00:46.000,4.522,9,119.4,NORMAL,The past was never one continuous carnival of color.,PENDING_HUMAN_VOICE_SELECTION
T010,S1,The feeling of sameness,12,12,00:00:46.000,00:00:54.000,8.000,12,90.0,EXPANSIVE_WINDOW,This is not a film about a secret committee that deleted personality.,PENDING_HUMAN_VOICE_SELECTION
T011,S1,The feeling of sameness,13,14,00:00:54.000,00:01:04.000,10.000,14,84.0,EXPANSIVE_WINDOW,"Different industries, facing different problems, have begun solving them with the same visual vocabulary.",PENDING_HUMAN_VOICE_SELECTION
T012,S2,What the evidence can—and cannot—show,15,15,00:01:04.000,00:01:11.500,7.500,9,72.0,EXPANSIVE_WINDOW,Color gives us one measurable piece of the pattern.,PENDING_HUMAN_VOICE_SELECTION
T013,S2,What the evidence can—and cannot—show,16,16,00:01:11.500,00:01:21.000,9.500,12,75.8,EXPANSIVE_WINDOW,"One museum collection grew grayer over time, while brown and yellow declined.",PENDING_HUMAN_VOICE_SELECTION
T014,S2,What the evidence can—and cannot—show,17,18,00:01:21.000,00:01:27.000,6.000,14,140.0,NORMAL,But the researchers warn: the collection is not a random sample of the world.,PENDING_HUMAN_VOICE_SELECTION
T015,S2,What the evidence can—and cannot—show,19,20,00:01:27.000,00:01:36.000,9.000,12,80.0,EXPANSIVE_WINDOW,They also point to a material shift: from wood toward manufactured surfaces.,PENDING_HUMAN_VOICE_SELECTION
T016,S2,What the evidence can—and cannot—show,21,21,00:01:36.000,00:01:41.000,5.000,9,108.0,NORMAL,The car park makes the pattern easier to see.,PENDING_HUMAN_VOICE_SELECTION
T017,S2,What the evidence can—and cannot—show,22,23,00:01:41.000,00:01:51.000,10.000,11,66.0,EXPANSIVE_WINDOW,"In 2025: white 29%, black 23%, gray 22%, and silver 7%.",PENDING_HUMAN_VOICE_SELECTION
T018,S2,What the evidence can—and cannot—show,24,26,00:01:51.000,00:02:02.000,11.000,14,76.4,EXPANSIVE_WINDOW,"White, black, and gray together: 74%. Add silver, and the grayscale share reaches 81%.",PENDING_HUMAN_VOICE_SELECTION
T019,S2,What the evidence can—and cannot—show,27,28,00:02:02.000,00:02:09.000,7.000,10,85.7,EXPANSIVE_WINDOW,"In Europe, gray alone led at 26%. That proves dominance.",PENDING_HUMAN_VOICE_SELECTION
T020,S2,What the evidence can—and cannot—show,29,30,00:02:09.000,00:02:13.535,4.535,9,119.1,NORMAL,It does not prove why. Several forces may contribute.,PENDING_HUMAN_VOICE_SELECTION
T021,S2,What the evidence can—and cannot—show,31,31,00:02:13.535,00:02:17.000,3.465,8,138.5,NORMAL,The report does not isolate or rank them.,PENDING_HUMAN_VOICE_SELECTION
T022,S2,What the evidence can—and cannot—show,32,32,00:02:17.000,00:02:22.000,5.000,10,120.0,NORMAL,The safest color is the one the fewest people reject.,PENDING_HUMAN_VOICE_SELECTION
T023,S3,Why familiarity feels easier,33,33,00:02:22.547,00:02:26.855,4.308,12,167.1,TIGHT_REVIEW,That distinction—between being loved and avoiding rejection—appears far beyond cars.,PENDING_HUMAN_VOICE_SELECTION
T024,S3,Why familiarity feels easier,34,35,00:02:28.000,00:02:32.983,4.983,12,144.5,NORMAL,Psychologists call this processing fluency: the ease of making sense of something.,PENDING_HUMAN_VOICE_SELECTION
T025,S3,Why familiarity feels easier,36,37,00:02:32.983,00:02:41.350,8.367,20,143.4,NORMAL,"Research suggests familiar forms, clear contrast, and repeated exposure can be easier to process, and that ease can influence preference.",PENDING_HUMAN_VOICE_SELECTION
T026,S3,Why familiarity feels easier,38,38,00:02:45.323,00:02:48.576,3.253,8,147.6,NORMAL,This does not mean simple is objectively beautiful.,PENDING_HUMAN_VOICE_SELECTION
T027,S3,Why familiarity feels easier,39,40,00:02:48.576,00:02:53.675,5.099,12,141.2,NORMAL,"Complexity can create interest, identity, and meaning. Familiarity can also become boredom.",PENDING_HUMAN_VOICE_SELECTION
T028,S3,Why familiarity feels easier,41,41,00:02:55.271,00:02:58.734,3.463,9,155.9,NORMAL,"But in a crowded marketplace, immediate comprehension has value.",PENDING_HUMAN_VOICE_SELECTION
T029,S3,Why familiarity feels easier,42,42,00:03:00.592,00:03:04.720,4.128,10,145.3,NORMAL,A product has seconds to explain itself on a shelf.,PENDING_HUMAN_VOICE_SELECTION
T030,S3,Why familiarity feels easier,43,44,00:03:04.720,00:03:10.090,5.370,11,122.9,NORMAL,"A building proposal must survive clients, planners, engineers, budgets, and neighbors.",PENDING_HUMAN_VOICE_SELECTION
T031,S3,Why familiarity feels easier,45,45,00:03:10.090,00:03:14.630,4.540,13,171.8,TIGHT_REVIEW,A brand must remain recognizable on a billboard and inside a tiny icon.,PENDING_HUMAN_VOICE_SELECTION
T032,S3,Why familiarity feels easier,46,47,00:03:17.919,00:03:23.815,5.896,11,111.9,NORMAL,"At every stage, unfamiliarity creates a question. A question creates friction.",PENDING_HUMAN_VOICE_SELECTION
T033,S3,Why familiarity feels easier,48,48,00:03:25.621,00:03:28.603,2.982,8,161.0,NORMAL,And friction needs someone willing to defend it.,PENDING_HUMAN_VOICE_SELECTION
T034,S4,Interfaces and identities,49,49,00:03:30.640,00:03:34.445,3.805,10,157.7,NORMAL,Nowhere is low friction more visible than on a screen.,PENDING_HUMAN_VOICE_SELECTION
T035,S4,Interfaces and identities,50,52,00:03:35.656,00:03:48.729,13.073,32,146.9,NORMAL,"Jakob Nielsen summarized a basic rule of internet behavior: users spend most of their time on other websites, so they prefer a new site to work like the sites they already know.",PENDING_HUMAN_VOICE_SELECTION
T036,S4,Interfaces and identities,53,54,00:03:50.569,00:03:55.483,4.914,12,146.5,NORMAL,That is good usability. A shopping basket should not become a puzzle.,PENDING_HUMAN_VOICE_SELECTION
T037,S4,Interfaces and identities,55,56,00:03:55.483,00:04:01.618,6.135,15,146.7,NORMAL,Navigation should not demand a tutorial. Familiar patterns make digital services faster and more accessible.,PENDING_HUMAN_VOICE_SELECTION
T038,S4,Interfaces and identities,57,58,00:04:03.120,00:04:08.000,4.880,10,123.0,NORMAL,But successful conventions spread beyond function. The same rounded cards.,PENDING_HUMAN_VOICE_SELECTION
T039,S4,Interfaces and identities,59,60,00:04:08.000,00:04:11.722,3.722,9,145.1,NORMAL,The same generous white space. The same centered headline.,PENDING_HUMAN_VOICE_SELECTION
T040,S4,Interfaces and identities,61,62,00:04:11.722,00:04:15.473,3.751,9,144.0,NORMAL,The same soft gradient. The same friendly geometric type.,PENDING_HUMAN_VOICE_SELECTION
T041,S4,Interfaces and identities,63,65,00:04:16.979,00:04:23.940,6.961,19,163.8,NORMAL,"Logos face a related pressure. They must remain clear across phones, watches, browser tabs, packaging, video, and physical signs.",PENDING_HUMAN_VOICE_SELECTION
T042,S4,Interfaces and identities,66,66,00:04:23.940,00:04:28.912,4.972,10,120.7,NORMAL,Responsive identity systems often remove detail as space becomes smaller.,PENDING_HUMAN_VOICE_SELECTION
T043,S4,Interfaces and identities,67,70,00:04:30.597,00:04:43.759,13.162,31,141.3,NORMAL,"Each individual simplification may be rational. The convergence appears one decision later—when every company reaches for the same solution to signal that it is modern, trustworthy, and easy to use.",PENDING_HUMAN_VOICE_SELECTION
T044,S5,Architecture at scale,71,72,00:04:45.800,00:04:52.716,6.916,14,121.5,NORMAL,Physical space follows a similar logic. Early McDonald’s restaurants were designed to attract attention.,PENDING_HUMAN_VOICE_SELECTION
T045,S5,Architecture at scale,73,74,00:04:52.716,00:04:59.476,6.760,16,142.0,NORMAL,"The company’s own history describes the red-and-white tiled building, created in 1953, as an attention-getting design.",PENDING_HUMAN_VOICE_SELECTION
T046,S5,Architecture at scale,75,75,00:04:59.476,00:05:04.124,4.648,11,142.0,NORMAL,The arches were not merely a logo placed on the building.,PENDING_HUMAN_VOICE_SELECTION
T047,S5,Architecture at scale,76,78,00:05:04.124,00:05:15.955,11.831,28,142.0,NORMAL,"They were part of the building. In the late nineteen-sixties, that design gave way to the Mansard roof, which could be repeated and remodeled across a growing system.",PENDING_HUMAN_VOICE_SELECTION
T048,S5,Architecture at scale,79,79,00:05:17.195,00:05:21.843,4.648,11,142.0,NORMAL,The lesson is not that every chain became a gray box.,PENDING_HUMAN_VOICE_SELECTION
T049,S5,Architecture at scale,80,81,00:05:21.843,00:05:28.496,6.653,13,117.2,NORMAL,McDonald’s itself highlights contemporary locations that use existing architecture and distinctive local features.,PENDING_HUMAN_VOICE_SELECTION
T050,S5,Architecture at scale,82,82,00:05:28.576,00:05:33.224,4.648,11,142.0,NORMAL,The lesson is that scale changes what a design must do.,PENDING_HUMAN_VOICE_SELECTION
T051,S5,Architecture at scale,83,83,00:05:34.465,00:05:38.267,3.802,9,142.0,NORMAL,A one-off building can be inseparable from its site.,PENDING_HUMAN_VOICE_SELECTION
T052,S5,Architecture at scale,84,85,00:05:38.267,00:05:45.519,7.252,16,132.4,NORMAL,"A repeatable system must adapt to different plots, regulations, contractors, climates, maintenance schedules, and customer expectations.",PENDING_HUMAN_VOICE_SELECTION
T053,S5,Architecture at scale,86,86,00:05:46.268,00:05:50.916,4.648,11,142.0,NORMAL,"The larger the network, the more valuable the adaptable container becomes.",PENDING_HUMAN_VOICE_SELECTION
T054,S5,Architecture at scale,87,89,00:05:52.156,00:05:58.494,6.338,15,142.0,NORMAL,"Identity then migrates into controlled layers: signage, furniture, packaging, lighting, menu screens, and the app.",PENDING_HUMAN_VOICE_SELECTION
T055,S5,Architecture at scale,90,90,00:05:59.735,00:06:03.960,4.225,10,142.0,NORMAL,The building becomes quieter so the system can travel further.,PENDING_HUMAN_VOICE_SELECTION
T056,S6,The feedback loop,91,92,00:06:05.560,00:06:11.053,5.493,13,142.0,NORMAL,"At this point, sameness can emerge without anyone choosing sameness as the goal.",PENDING_HUMAN_VOICE_SELECTION
T057,S6,The feedback loop,93,93,00:06:11.760,00:06:14.719,2.959,8,162.2,NORMAL,One developer copies a layout that sold quickly.,PENDING_HUMAN_VOICE_SELECTION
T058,S6,The feedback loop,94,95,00:06:14.719,00:06:19.773,5.054,12,142.5,NORMAL,One designer chooses a familiar typeface. One café recreates a photogenic interior.,PENDING_HUMAN_VOICE_SELECTION
T059,S6,The feedback loop,96,96,00:06:19.773,00:06:23.472,3.699,9,146.0,NORMAL,One platform recommends work similar to what held attention.,PENDING_HUMAN_VOICE_SELECTION
T060,S6,The feedback loop,97,97,00:06:23.472,00:06:27.725,4.253,9,127.0,NORMAL,Different actors can reinforce the same pattern without coordinating.,PENDING_HUMAN_VOICE_SELECTION
T061,S6,The feedback loop,98,99,00:06:27.725,00:06:32.102,4.377,11,150.8,NORMAL,No single choice transforms culture. Each becomes evidence for the next.,PENDING_HUMAN_VOICE_SELECTION
T062,S6,The feedback loop,100,102,00:06:32.102,00:06:40.300,8.198,15,109.8,NORMAL,Recommendation systems make this tension explicit. Spotify researchers describe balancing familiarity and similarity against discovery.,PENDING_HUMAN_VOICE_SELECTION
T063,S6,The feedback loop,103,104,00:06:40.300,00:06:45.170,4.870,11,135.5,NORMAL,The platform does not simply maximize sameness; it manages competing objectives.,PENDING_HUMAN_VOICE_SELECTION
T064,S6,The feedback loop,105,110,00:06:45.170,00:07:01.689,16.519,45,163.4,NORMAL,Algorithms did not invent visual convergence. They can accelerate a loop that already exists: what is familiar is easier to recognize; what is easier to recognize is easier to choose; what is chosen becomes easier to measure; and what is measured becomes easier to imitate.,PENDING_HUMAN_VOICE_SELECTION
T065,S6,The feedback loop,111,111,00:07:01.689,00:07:04.525,2.836,8,169.3,TIGHT_REVIEW,"This loop is our model, not Spotify's finding.",PENDING_HUMAN_VOICE_SELECTION
T066,S6,The feedback loop,112,113,00:07:05.891,00:07:11.871,5.980,14,140.5,NORMAL,The conspiracy is not a room full of designers agreeing to make everything identical.,PENDING_HUMAN_VOICE_SELECTION
T067,S6,The feedback loop,114,115,00:07:13.045,00:07:18.960,5.915,14,142.0,NORMAL,It is a feedback loop in which nobody wants to be the expensive exception.,PENDING_HUMAN_VOICE_SELECTION
T068,S7,The exceptions that matter,116,116,00:07:20.560,00:07:23.940,3.380,8,142.0,NORMAL,But a useful theory must explain its limits.,PENDING_HUMAN_VOICE_SELECTION
T069,S7,The exceptions that matter,117,118,00:07:24.790,00:07:31.189,6.399,14,131.3,NORMAL,"If scale automatically destroyed difference, every global brand would look identical in every city.",PENDING_HUMAN_VOICE_SELECTION
T070,S7,The exceptions that matter,119,121,00:07:31.189,00:07:40.027,8.838,19,129.0,NORMAL,"They do not. If digital legibility required one style, every successful interface would use the same colors and shapes.",PENDING_HUMAN_VOICE_SELECTION
T071,S7,The exceptions that matter,122,124,00:07:40.027,00:07:49.174,9.147,20,131.2,NORMAL,"They do not. If neutral cars were the inevitable result of economics, expressive models would never sell in bright colors.",PENDING_HUMAN_VOICE_SELECTION
T072,S7,The exceptions that matter,125,127,00:07:49.174,00:07:53.957,4.783,10,125.4,NORMAL,They do. Constraints narrow possibilities. They do not eliminate choice.,PENDING_HUMAN_VOICE_SELECTION
T073,S7,The exceptions that matter,128,129,00:07:54.806,00:08:00.299,5.493,13,142.0,NORMAL,"And once a visual language becomes too common, difference can recover economic value.",PENDING_HUMAN_VOICE_SELECTION
T074,S7,The exceptions that matter,130,130,00:08:01.149,00:08:04.923,3.774,10,159.0,NORMAL,A colorful car becomes memorable because the road is neutral.,PENDING_HUMAN_VOICE_SELECTION
T075,S7,The exceptions that matter,131,131,00:08:04.923,00:08:08.945,4.022,10,149.2,NORMAL,An ornate wordmark stands out because competitors use plain type.,PENDING_HUMAN_VOICE_SELECTION
T076,S7,The exceptions that matter,132,133,00:08:08.945,00:08:15.937,6.992,15,128.7,NORMAL,A restaurant filled with local materials becomes a destination because the standardized alternative is everywhere.,PENDING_HUMAN_VOICE_SELECTION
T077,S7,The exceptions that matter,134,135,00:08:16.787,00:08:21.970,5.183,13,150.5,NORMAL,This is why design moves in cycles. A solution spreads because it works.,PENDING_HUMAN_VOICE_SELECTION
T078,S7,The exceptions that matter,136,136,00:08:21.970,00:08:25.255,3.285,8,146.1,NORMAL,It becomes a convention because it is copied.,PENDING_HUMAN_VOICE_SELECTION
T079,S7,The exceptions that matter,137,137,00:08:25.255,00:08:30.730,5.475,12,131.5,NORMAL,Then the convention creates an opportunity for someone willing to break it.,PENDING_HUMAN_VOICE_SELECTION
T080,S7,The exceptions that matter,138,138,00:08:31.580,00:08:34.960,3.380,8,142.0,NORMAL,Sameness contains the conditions for its own reversal.,PENDING_HUMAN_VOICE_SELECTION
T081,S8,A more defensible answer,139,139,00:08:36.560,00:08:39.685,3.125,8,153.6,NORMAL,So why does everything look the same now?,PENDING_HUMAN_VOICE_SELECTION
T082,S8,A more defensible answer,140,142,00:08:39.685,00:08:50.800,11.115,25,135.0,NORMAL,"Not because everything is the same. Because across the cases we have seen, design happens inside systems that reward legibility, familiarity, adaptability, and measurable performance.",PENDING_HUMAN_VOICE_SELECTION
T083,S8,A more defensible answer,143,145,00:08:51.384,00:08:59.660,8.276,20,145.0,NORMAL,"Those pressures are real. They can help products function, interfaces remain usable, buildings get approved, and brands operate at scale.",PENDING_HUMAN_VOICE_SELECTION
T084,S8,A more defensible answer,146,147,00:09:00.244,00:09:05.458,5.214,13,149.6,NORMAL,The problem begins when a useful constraint is mistaken for an aesthetic commandment.,PENDING_HUMAN_VOICE_SELECTION
T085,S8,A more defensible answer,148,151,00:09:05.458,00:09:21.932,16.474,38,138.4,NORMAL,When “easy to recognize” becomes “must look familiar.” When “adaptable” becomes “without local character.” When “low risk” becomes “without a point of view.” The world does not have to become identical for difference to become harder to defend.,PENDING_HUMAN_VOICE_SELECTION
T086,S8,A more defensible answer,152,152,00:09:22.517,00:09:26.800,4.283,10,140.1,NORMAL,And perhaps that is the hidden cost of frictionless design.,PENDING_HUMAN_VOICE_SELECTION
T087,S8,A more defensible answer,153,153,00:09:26.800,00:09:30.793,3.993,10,150.3,NORMAL,We notice fewer bad surprises—but also fewer good ones.,PENDING_HUMAN_VOICE_SELECTION
T088,S8,A more defensible answer,154,155,00:09:31.377,00:09:37.371,5.994,14,140.1,NORMAL,"Personality requires an argument. It may cost more, divide opinion, age badly, or fail.",PENDING_HUMAN_VOICE_SELECTION
T089,S8,A more defensible answer,156,157,00:09:37.371,00:09:44.619,7.248,18,149.0,NORMAL,Many distinctive things began as choices that could not be defended by saying: everyone else is doing it.,PENDING_HUMAN_VOICE_SELECTION
T090,S8,A more defensible answer,158,159,00:09:45.203,00:09:51.410,6.207,15,145.0,NORMAL,"Sameness is rarely imposed all at once. It accumulates, one reasonable decision at a time.",PENDING_HUMAN_VOICE_SELECTION
T091,S8,A more defensible answer,160,161,00:09:51.994,00:09:56.960,4.966,12,145.0,NORMAL,And difference returns the same way: one defensible exception at a time.,PENDING_HUMAN_VOICE_SELECTION
