take_id,filename,sequence,cue_first,cue_last,word_count,timing_flag,text_sha256
T001,T001.wav,S1,1,1,14,NORMAL,82abc0d6771631c0d0aa0f3e9967c3b2702cc395cc88e3bde24419a79b180c96
T002,T002.wav,S1,2,2,8,NORMAL,efc829ca5d505d1879035e015e3b39a5ba60dc911c5860edaef0739a634c2742
T003,T003.wav,S1,3,3,9,NORMAL,2e94a274952b19e02f4ebc0f3cabfa3278547e27cda24080ae7dbac1b49e8070
T004,T004.wav,S1,4,5,15,NORMAL,31f97b6b8fda0ee9a7377450e80fd2235d7c2a17feef7fd20e42ff8fc74ccfe2
T005,T005.wav,S1,6,6,13,NORMAL,abf6564adfbaa19e52c3d64cd974e2767434ed2e35052fbad29f8468ee525133
T006,T006.wav,S1,7,7,9,NORMAL,e4585a46ec5b1df0f18658c127930d93c7a79f4429a3a165cc18a31fd23f07de
T007,T007.wav,S1,8,9,9,NORMAL,5829d0fdf17efd461800d17e2e012b93995abbbbee2c8f33994b6c0ab71ea2ec
T008,T008.wav,S1,10,10,8,NORMAL,0c864051f4c80f67826666bf533303f675e433c2d1c6d4f9a5c23a98ce93e5c5
T009,T009.wav,S1,11,11,9,NORMAL,cd78e529fe7490c53cdb18b0ab9d4eb28e40e83427e5e1d77c3af3c04244271b
T010,T010.wav,S1,12,12,12,EXPANSIVE_WINDOW,8e3fd0e981dfc206199b46fc13aa9ed78a59b2f2bbec376579807cb933686249
T011,T011.wav,S1,13,14,14,EXPANSIVE_WINDOW,7cf01a1050ca660ffc0131fb861f88f235cccf16ead3e5504129d66a54c2fdf0
T012,T012.wav,S2,15,15,9,EXPANSIVE_WINDOW,27429cb3a0b110048b05a499ea927765838f2198becfce6c10b36d570ece4cd7
T013,T013.wav,S2,16,16,12,EXPANSIVE_WINDOW,70b421e5ba27c3086c871f2f5712383399806330d7599c133cf13fcd26c063e0
T014,T014.wav,S2,17,18,14,NORMAL,0ecdccbef533e00b1a8a7e0531c5e06a6be026ac128b88281749ddc772f6d75a
T015,T015.wav,S2,19,20,12,EXPANSIVE_WINDOW,0da8b1681d0b1e1d86eb8058c7de9e6645f74c715b25adabed7da601077b19c6
T016,T016.wav,S2,21,21,9,NORMAL,f68dd9d95471d2bd85eeeab7df942668d500db0a298817e1d7102f15d66dbc4b
T017,T017.wav,S2,22,23,11,EXPANSIVE_WINDOW,652daae0891541ccd6913c329e03377dbd055556753c36f25b6eed8b5d5510d8
T018,T018.wav,S2,24,26,14,EXPANSIVE_WINDOW,4841cb69bf06368861e590502a1cf63ffe6ed957fcc673b7f9241fd8236ab064
T019,T019.wav,S2,27,28,10,EXPANSIVE_WINDOW,da7d650df3901d9ff4f902e4679d7eabccd7bf7c46ed0f03843e725a44267bfb
T020,T020.wav,S2,29,30,9,NORMAL,ed61cf91f346a3d2311c391317227c32dd28a793cbc957d7ebbf4d143f85f5a8
T021,T021.wav,S2,31,31,8,NORMAL,ba9fe1ea31e67d0d033d3c4deec20b6200cb1967936f193b6142448300d3cded
T022,T022.wav,S2,32,32,10,NORMAL,9457174d5e993c706d0eb4cf127d6435f649b56c570016733aeecbbd78524d1b
T023,T023.wav,S3,33,33,12,TIGHT_REVIEW,01931685df325c1cfb8ae4a4313b651d76a4eef10160e277cf8745fbb61b02f3
T024,T024.wav,S3,34,35,12,NORMAL,a01aa891959d52fbeb01009effa13c97a955eabf39d9200fed89ca990919fb50
T025,T025.wav,S3,36,37,20,NORMAL,4221c1292731ef5b953f86ed1856823597725b44f6e08e71b9c09d13368a95f8
T026,T026.wav,S3,38,38,8,NORMAL,d197fe2ddf54ded82a6b92d2fed935af313175c3d24847587306e876f0230185
T027,T027.wav,S3,39,40,12,NORMAL,263bd59fc4a784a602588c342fd4809bd23080f6d2847fad672fc9ab4ef2a7c9
T028,T028.wav,S3,41,41,9,NORMAL,b992ca7980544539d55f77ab266f0516f7aa61c8ad5ef51a870624269a5dc1ee
T029,T029.wav,S3,42,42,10,NORMAL,71b4bae8dd94f8c5e457ae98af15c31b100d82e9231d440d11511c895b762259
T030,T030.wav,S3,43,44,11,NORMAL,d2d84600a03d59b55aad85d781670d8baa33959241341833f69c1437950dcf4d
T031,T031.wav,S3,45,45,13,TIGHT_REVIEW,efeb0430fd2f9e3f5ed2e1ae7308d44e6f80258695e64322fe681556042c812d
T032,T032.wav,S3,46,47,11,NORMAL,34ec5bbc620cf3d4069cbdd1cd8782ba7c6ea2bcde7be96396725db39fe4f2a7
T033,T033.wav,S3,48,48,8,NORMAL,13bf5a64cb955ed1fb7659584cd95d737ba4065c19bdbe14095bfbed136df2f2
T034,T034.wav,S4,49,49,10,NORMAL,cc7889e52a04cde8f0e3adc97b55a92ff0cda402b9f66bf585e91807b168c586
T035,T035.wav,S4,50,52,32,NORMAL,51ec0f4de87909bfacf2f887820831f53ce945976c04923e4dc30dafdcea5ff5
T036,T036.wav,S4,53,54,12,NORMAL,34d0546aff1a63f1786441a238331620efb000905db7e6cd4c165a7300e6dc20
T037,T037.wav,S4,55,56,15,NORMAL,4b40e53f017e5bc824b48314933ddbc694f1a7e798eef34ca144e26aa6973037
T038,T038.wav,S4,57,58,10,NORMAL,1494b633063cc52080a636791c4de07c574f8220e98b01c7908c3f62e6ee4a9b
T039,T039.wav,S4,59,60,9,NORMAL,16ce89df7dfa09d93a61423de39ddd64683ab58b6848e557cb96ffb0e9f90ada
T040,T040.wav,S4,61,62,9,NORMAL,89cb874c08f75ce7ff8aeff15a41bc07f68bb0a06706e825f412deca91393c1b
T041,T041.wav,S4,63,65,19,NORMAL,70136b5576a3ab07201f6e17f9661a8331d60dfaade268744e5cd3d82093b4d2
T042,T042.wav,S4,66,66,10,NORMAL,eca35ecd720596b3c6b9245bba9241ee11df832b9b180b26204a19ce08d08a7e
T043,T043.wav,S4,67,70,31,NORMAL,acd3e9e1a948575396b87db2f4383425c1cfbd1395cac6049638364a2264620a
T044,T044.wav,S5,71,72,14,NORMAL,6c39e14f2a0ece1e424f2748658596101562c55035fe7d253973ac3c08fa1e5b
T045,T045.wav,S5,73,74,16,NORMAL,a12667172b7559936f57e5e2c8e8d4d066a8b0c303eca390447e422ab40c4288
T046,T046.wav,S5,75,75,11,NORMAL,3ba27a714b1091dd7d77fcb5c7be17b00b159fcc65381e91f49eea8480f17b87
T047,T047.wav,S5,76,78,28,NORMAL,03dd21ccd2fede73ec45e6ad698e6e46a5190a90848cdd5bcff973810d63b30b
T048,T048.wav,S5,79,79,11,NORMAL,ccc8255f16e97b53fc0043506c3005f7e44dff94c52a6ace11d9931a8f3339e6
T049,T049.wav,S5,80,81,13,NORMAL,075ec1021dd2866679c1ff7423001d484e73c960e76f75e65d61087245260e1e
T050,T050.wav,S5,82,82,11,NORMAL,69f169281dae5f89c2252f35db56476c48a61f3452af4d21dede907105f2da34
T051,T051.wav,S5,83,83,9,NORMAL,2f1e97fa4617e6b31aec0f5d7dfef1e15658e53230991102164956db5bd5e1b4
T052,T052.wav,S5,84,85,16,NORMAL,c1eb76abc3fb0c4ccb285c77774feda70db2891fb0594c8f3d3d02c5969f592f
T053,T053.wav,S5,86,86,11,NORMAL,18639c9d423143b80a24de59a530451c30b98a37e157bd3c1a2eea4e2b06c881
T054,T054.wav,S5,87,89,15,NORMAL,b9c052f0329435b625f599c2ac1db28ccc333236ab6344c8fcc1d695b741e1bc
T055,T055.wav,S5,90,90,10,NORMAL,554abe1e7ac5ec77f88838ae02846b13f65d9088d8b59e2a245e94ae6fdece11
T056,T056.wav,S6,91,92,13,NORMAL,90634779e80512ac26b5277965c218f09612a6e1ced2c4d7a84cb04742bbed71
T057,T057.wav,S6,93,93,8,NORMAL,4fe91b7884882bf38891d8dcdf58fca7b96be314595774e9e095206f2ec7e680
T058,T058.wav,S6,94,95,12,NORMAL,8332f8306ceffb6109ea010bc088f127cdeb68dade75a4c04d3262ef2a78984c
T059,T059.wav,S6,96,96,9,NORMAL,fe92a6503d4e0cdb7b83fcdca09184daf9207175123265e03634ac293ff4333a
T060,T060.wav,S6,97,97,9,NORMAL,0445cb7fbb6aa22b5ed28ae3c42c367b802b51198b6c1a8bf57dbad04158f74c
T061,T061.wav,S6,98,99,11,NORMAL,91d5f36d472a62050acaae9ff8997353b4378e0099f5fbdd54900f98b7a44b19
T062,T062.wav,S6,100,102,15,NORMAL,3c36c6eded73ded337838cfc5198568072059e1e5b7ce0f20a25c42e2678c7e4
T063,T063.wav,S6,103,104,11,NORMAL,8bb58a46030e5a45576a9814009a445bd0d0736f83f7a20e61e99467177cb7ee
T064,T064.wav,S6,105,110,45,NORMAL,60a37df2a6b6da9451c3b87c75896cc46c632af732eabecd0b80f3e381440268
T065,T065.wav,S6,111,111,8,TIGHT_REVIEW,01d25898f19a4d18aee93dec575db11bcfcfacca3d0ddc5a487e02ecc295100b
T066,T066.wav,S6,112,113,14,NORMAL,3e3466c541bd91c28b835c516b75ce0174afe161e7a8c8a7de66be6086952902
T067,T067.wav,S6,114,115,14,NORMAL,76e9a3316e5af7868dd34b15b99be8d0db90a5630b29b0a82e04249628433361
T068,T068.wav,S7,116,116,8,NORMAL,bc550b6fda07cc9a13f2f102567eba845a3138152eac1638c52a9a525587471a
T069,T069.wav,S7,117,118,14,NORMAL,929ddb16351ad670bfe556b39a1cb916ae085058f389b2ea115e2defa159855d
T070,T070.wav,S7,119,121,19,NORMAL,390ba2684f343121db234e078b518bff6bb2e2b85e0112de5ab4b655614eb8ad
T071,T071.wav,S7,122,124,20,NORMAL,0216b8a60ad9c5fca73e24fa5a6ce35a0f2d05bce6d81545465b1ef0c6ff4f7b
T072,T072.wav,S7,125,127,10,NORMAL,e48ed10f9d167d772a71b44147e1ba804b14cd76de86d4f950c97e0b03c10982
T073,T073.wav,S7,128,129,13,NORMAL,3ab6b0dc41be39c00ad6c1b12c8fbfd97de3e0ab624cd352db20dd021b828143
T074,T074.wav,S7,130,130,10,NORMAL,dbc6885c40976bea99e18070c13a5ab5c7006aeb4c6524a3e001d515b32f867a
T075,T075.wav,S7,131,131,10,NORMAL,9a2fd0b733be41f2298c0546637bac25d2fa211af4576b8d427c237f1cbaa73e
T076,T076.wav,S7,132,133,15,NORMAL,2058e52abf4665ec6d88d9644fde212ff5bd9595cbb048153e28599f9ffb267d
T077,T077.wav,S7,134,135,13,NORMAL,82da20a91823e42996dbb405be6b2fbd049554e7dcc48e92ef48020d1c569d22
T078,T078.wav,S7,136,136,8,NORMAL,3c44f0c5dcc0f77dd23247c513874b77409a9d8f049d1e45af14025c32f2d101
T079,T079.wav,S7,137,137,12,NORMAL,84ccc357433b9029f3d2112957909360bb834cc4f214a6231eda6469f4ed9900
T080,T080.wav,S7,138,138,8,NORMAL,d23103c14d5bc0cfcae7769ab3729c0f09a053eff537fe1f0c402640956651db
T081,T081.wav,S8,139,139,8,NORMAL,c072d6e00facbeae7a46fb1c2a3a2e2ee94a4cdc47761a1047731c01f729e88b
T082,T082.wav,S8,140,142,25,NORMAL,0fb6de91da74a3c5f6970165814a5986d7ef27993fabc1a30e1adbf792976f39
T083,T083.wav,S8,143,145,20,NORMAL,8180c5c8b88a3d292015cfabb63117a69f14731139ccdd5a3c578d46e5c2b511
T084,T084.wav,S8,146,147,13,NORMAL,125e5635a29e70a057cbf1b2feefee15bd88594a2d0447568a2cb995851513bf
T085,T085.wav,S8,148,151,38,NORMAL,44f345a959cd0ab36933c4ea1da10677cb1e1d6d346ef15fa0d1341762d049c3
T086,T086.wav,S8,152,152,10,NORMAL,a9e0a67c4bb8a31078e4b66edbbb2918ed89128d95cec393b2e0f87dc895a1c1
T087,T087.wav,S8,153,153,10,NORMAL,1774d943e2b01b7a051ccef64d110e9e875ed82e74d12745a579cc03d39882f8
T088,T088.wav,S8,154,155,14,NORMAL,9ebaccb7a76f61d0d256bb65af48ac91e4b45317b794f86cf59d8305359d8e04
T089,T089.wav,S8,156,157,18,NORMAL,265c3d062b7f917a9e96ecffdb6ded9d3b5a362043b4c2d5298954fb1928b6ec
T090,T090.wav,S8,158,159,15,NORMAL,405c65da33de24a77964531c4abe3362730a7475d433f21c169872ff7c9c2129
T091,T091.wav,S8,160,161,12,NORMAL,693492e8e883ec7206ec57d4213f0159488e3838642e271164bc791e98470e9e
