take_id,start_sample,end_sample,window_samples,take_samples,silence_pad_samples,take_sha256,time_stretch
T001,0,336000,336000,283944,52056,78b94fa33555eeaba3dc30d106f1a951df812dd49dceaaa15434e0e140a7f536,NONE
T002,336000,535728,199728,162254,37474,29e4d9e788a0aae95475e401a7f7555ca5aab3696be25bb3acf0e934472a6afe,NONE
T003,535728,768000,232272,182535,49737,1e3b3903db35917d4d5c8b4bd47d8f9c531fb96d25785675166757394f98b6fd,NONE
T004,768000,1104000,336000,304225,31775,f04e95ab7f68bcbbc8798d16b5b54532212bbcbf75f59e55f22412ed042e61f9,NONE
T005,1104000,1440000,336000,263662,72338,ee0c2963f137a526c19148b20c6b5715006eeb65a32ecaea21ae049103f126fe,NONE
T006,1440000,1636176,196176,182535,13641,df7a0c8e9713a1d211e6766d1a00896233bbc9b9be293cc8926048fde8f4ede5,NONE
T007,1636176,1824000,187824,182535,5289,d7d13ded0cc2a83fa5168fa8f49eb44eca8269eeef2d15d3f765a06be7559cc6,NONE
T008,1824000,1990944,166944,162144,4800,fce52ba7598db73d5c0529e22947ddf6c34f00c89c090af3cc0bfb3df48fb8b6,NONE
T009,1990944,2208000,217056,182535,34521,6fece857679d41ae41b1f16adee94a55b8f0361ea5b3d769ff69cb69569b0d89,NONE
T010,2208000,2592000,384000,243380,140620,91d5bda6310e90ba874445efa0e2f417a94eda3aa077febb0bac597107e061ae,NONE
T011,2592000,3072000,480000,283944,196056,38c41ff670af54940b3b0afbb1cc141660d385ec74164bb456c004605d6ca773,NONE
T012,3072000,3432000,360000,182535,177465,eadc0260ac7e9da7cbb6416df0fa8d44f685cc39f910dc8f1bedb1183b32c889,NONE
T013,3432000,3888000,456000,243380,212620,8e3d4d9614a28705553712ab9656e723f606d04b0106315f15f385250fc19444,NONE
T014,3888000,4176000,288000,283200,4800,aece7a0f4d120da180ca1de789e015afcec76935fb0cfc68af464df53dffdc07,NONE
T015,4176000,4608000,432000,243380,188620,d373f5b0f7f7b3718532d8f43bea6f8cdb7136a0ecfe2d7aef7c61990568e273,NONE
T016,4608000,4848000,240000,182535,57465,ac09c70b91c313a43afd2723d03a3771eae6aab0b40522a46ff7bc9068eb58cf,NONE
T017,4848000,5328000,480000,223099,256901,563bdd08d99f7d6280dba40af3f37944e87ff4121ce6b4b18edba3104900ea02,NONE
T018,5328000,5856000,528000,283944,244056,78b94fa33555eeaba3dc30d106f1a951df812dd49dceaaa15434e0e140a7f536,NONE
T019,5856000,6192000,336000,202817,133183,be9eadb29c54e201f1aba0e317852d0d513b2cd99190c4463da5e307425650e2,NONE
T020,6192000,6409680,217680,182535,35145,1e3b3903db35917d4d5c8b4bd47d8f9c531fb96d25785675166757394f98b6fd,NONE
T021,6409680,6576000,166320,161520,4800,f646117e70e148b78dcd69650c90087124509eee0aaa0a06ed6c7ac88155168e,NONE
T022,6576000,6816000,240000,202817,37183,8957cc99432cfc2d2e6cee94cef4a54e0e9679520e7fcb77062bb3cc5c00a294,NONE
T023,6842256,7049040,206784,201984,4800,202cfc409b4d63fc2a36e51fed223109fb10daa33c931305170d843b309f68b5,NONE
T024,7104000,7343184,239184,234384,4800,c8a3dcad82d85d809c79a8a933995b173c8f2ab2bf86fd69eca0bf06a9045a98,NONE
T025,7343184,7744800,401616,396816,4800,e9c87e2740834140516a2463f6be2acc40a3e951da2ab3b0b530577b97e685b2,NONE
T026,7935504,8091648,156144,151344,4800,ea92bbe8c6265d50e6b8d5b2b2a6be1e0621026aa372cfeda5a0e8e5334429a7,NONE
T027,8091648,8336400,244752,239952,4800,f4ae04af39c81f02a192c67e93a868d9c3fa81564971fc86fed8c8c715943300,NONE
T028,8413008,8579232,166224,161424,4800,27a6be552fe36ae33a342c48348363973905fd9b169e639570fab7a352d5dc0c,NONE
T029,8668416,8866560,198144,193344,4800,4ad7913ecdda83e292490426ecaee71ebbcee11d804a0ece6d7f63c3e1055389,NONE
T030,8866560,9124320,257760,223099,34661,8ad1c8f3fbddf7627a90475aa8f923c5d48ea42c59621869eab5a7090980b048,NONE
T031,9124320,9342240,217920,213120,4800,813860c49a34faf07898f1def534461a345ab13741889e651f8c543ed9c2d313,NONE
T032,9500112,9783120,283008,223099,59909,bbb4f042ea2afeb1e59905dd0ac3f2c43c37107c2b2b5de289402490a6d3910e,NONE
T033,9869808,10012944,143136,138336,4800,3825dbb08e850e4ac7bcf884dc5a2bffdff3bc44a82c45c127ceca8b587488b8,NONE
T034,10110720,10293360,182640,177840,4800,df950ad0cfaad44cf8906e88e413bfdb9948a2a76d2c35351803560a86c415f9,NONE
T035,10351488,10978992,627504,622704,4800,bb7ceb083a303f09137a6da533060c21dd111da210c03d503dd3d6fadb49200d,NONE
T036,11067312,11303184,235872,231072,4800,ebe5cb1d43584e6f6f61130cab6e8bc9da9239a35b4454c3982070cb846a8467,NONE
T037,11303184,11597664,294480,289680,4800,acdbb13b363ce70e9983970c1044e29268f039728859f89b1febbe796046825f,NONE
T038,11669760,11904000,234240,202817,31423,9eea3c8e571dce15026535f1603b94a33ca4d71c2a061b448308d86225c385f3,NONE
T039,11904000,12082656,178656,173856,4800,fbc5ce296e99860e9ea39b08f4a6d89a7927d62235e985e78c77cd4d40647484,NONE
T040,12082656,12262704,180048,175248,4800,af620c2eb22baee604b2ef4b279c19c4175d5a8ae2e412b5eec9518f46c40af4,NONE
T041,12334992,12669120,334128,329328,4800,d8e84e9af57003b33862116875feb03b88489381b101c783b83dc72bc39e0400,NONE
T042,12669120,12907776,238656,202817,35839,8f805d613fbd126bf1f0111c5ad76cff16a1039543a69c3cf95657d274c71458,NONE
T043,12988656,13620432,631776,626976,4800,f2ee91495cc0e7b21b877a45f05c41bbb137df46da48ef8b51597e9db7828dba,NONE
T044,13718400,14050368,331968,283944,48024,ab7977157fa46db3e5cdb624be6fb113f58707c51864158ef473059036671ec9,NONE
T045,14050368,14374848,324480,319680,4800,c6a9837fda1a537318d16eed6e53841ce7510a549013b9e661556612991860ae,NONE
T046,14374848,14597952,223104,218304,4800,406f4ef6d22da4d63438e6f5433607f20b3e91293224fd33fe0422e18f1e091e,NONE
T047,14597952,15165840,567888,563088,4800,bf1caf25f38022dc7c100bd96e8b7c3ba8205b35b64ad3568c06fa3640887e37,NONE
T048,15225360,15448464,223104,218304,4800,534c21b8d9a7f460a0db80e7240761fa119126bd795871d0271ed33703831f0c,NONE
T049,15448464,15767808,319344,263662,55682,21b4468d5f4072f2e806e12b4ea877f65c88ea3363562c16eee707018e46ab57,NONE
T050,15771648,15994752,223104,218304,4800,be5165636277cc02a582149ed8cfac7ce96f4e86fe03cd7be3b9369a66bbf571,NONE
T051,16054320,16236816,182496,177696,4800,f0a494884e16b62ced7581da3c96ba6d4156f88960b2d1974c6d108ae539e147,NONE
T052,16236816,16584912,348096,324507,23589,2a540c773e3a0bcaa1463a64b352ecefba6ad19195c04be8b1f7b95723053dec,NONE
T053,16620864,16843968,223104,218304,4800,ea7481276212b5aa35ff6f2355790b0ac858ed23e3c917b54a30a007e15de75e,NONE
T054,16903488,17207712,304224,299424,4800,bfe560eb0f959ceca6eb3b0cc300b95ac940cc155fbe714167e411049cb028c3,NONE
T055,17267280,17470080,202800,198000,4800,d03e0d3d5d40ccd0e4e1df723372eb5b1df4402edf963ccf48e45a92683c4fde,NONE
T056,17546880,17810544,263664,258864,4800,064d3cf23a02e41d5a11855d8e09b494d3b07c94a2ed546cebf9fae1f35ed779,NONE
T057,17844480,17986512,142032,137232,4800,892a5ebd76f4f88cf7329de1ddc9f7470b4288f0cc3434c9165fc83aeb6447af,NONE
T058,17986512,18229104,242592,237792,4800,c8b9d6609f94ab072ce32401a5d8ee1dfec117529dba5055f1d649f0772947e0,NONE
T059,18229104,18406656,177552,172752,4800,17f0006e0402c5124e3d0a97de943cb034c529ec53962bba46152563c6173d5c,NONE
T060,18406656,18610800,204144,182535,21609,6fece857679d41ae41b1f16adee94a55b8f0361ea5b3d769ff69cb69569b0d89,NONE
T061,18610800,18820896,210096,205296,4800,6345d1f38389df0e7538a16a9bd4daa563f0e977a5f2bcb42fc64a234814e236,NONE
T062,18820896,19214400,393504,304225,89279,6c58b1b2524a0b9c981ccf43ecd9df1bceb371675a911f85f8ccc2517e3003c5,NONE
T063,19214400,19448160,233760,223099,10661,45c92d7f18d0d807b6d61152786774e72f386c73dff16c74ccd8a9b1d06184dd,NONE
T064,19448160,20241072,792912,788112,4800,9b4e96fd00b31cb863a0574e99e4e455f9b8c6ee577c84d9a381cea1e120e3ad,NONE
T065,20241072,20377200,136128,131328,4800,dc650846eca60bd7ca2e37721e42f3607fd5cea1bf40b0db02792e3f725b2acd,NONE
T066,20442768,20729808,287040,282240,4800,08fa562b031b4c55a8659b2757978297c46d986ab703e808107fea0bd70ae942,NONE
T067,20786160,21070080,283920,279120,4800,c829aef5f0e0969ef965c7070c83616e97081908540ad784770705ffa299976f,NONE
T068,21146880,21309120,162240,157440,4800,c0e537b439ebd908b6ca94ff6a5e378ce7f04c8432b7a4c7bc0c6257f1a6dbfa,NONE
T069,21349920,21657072,307152,283944,23208,78b94fa33555eeaba3dc30d106f1a951df812dd49dceaaa15434e0e140a7f536,NONE
T070,21657072,22081296,424224,385352,38872,2e91e7a1be1b06f20b26e955fe1bc0ecae797eab0c700cc2f0936fc402986354,NONE
T071,22081296,22520352,439056,405634,33422,a01ac7495d8c35936e28ea4638aa4d503bb372014a74f24da62c4c65c4ff3a8e,NONE
T072,22520352,22749936,229584,202817,26767,9eea3c8e571dce15026535f1603b94a33ca4d71c2a061b448308d86225c385f3,NONE
T073,22790688,23054352,263664,258864,4800,064d3cf23a02e41d5a11855d8e09b494d3b07c94a2ed546cebf9fae1f35ed779,NONE
T074,23095152,23276304,181152,176352,4800,72d364c00a7a5c0b74e7394742711fde1320366df468a26aa17cdd5bd9b1742b,NONE
T075,23276304,23469360,193056,188256,4800,c4f911f116f795806c967fd7063eeeb4a16eb6e9257246cb8011edf0f68fe389,NONE
T076,23469360,23804976,335616,304225,31391,1874ccf71689c80f62875e09b21dc80efa61f9673f58a911bd12802d29451e6c,NONE
T077,23845776,24094560,248784,243984,4800,2163de21c4357013641618677c22300450b5a96ab019ae0f8fcf48f44adde943,NONE
T078,24094560,24252240,157680,152880,4800,05036e2bded1cb40ae0b8949e147bcc95ac4b4fc0aa6c661805db95c6586c705,NONE
T079,24252240,24515040,262800,243380,19420,250bf49308350e9b02869f99cddef84c1552fab1ba9625e5742f5eb0f495ade3,NONE
T080,24555840,24718080,162240,157440,4800,1080cb7d862e3cf8e9be3f1d50494aae999a3f2ed8b0320751e054ee50b54a93,NONE
T081,24794880,24944880,150000,145200,4800,451fdd4f111b1f37f748423c9ff66cbb3ce390d809a814b7d690aa672d996557,NONE
T082,24944880,25478400,533520,507042,26478,4a17a02a9289faefad13601e2896742809095dc9a99175634179240fc54b739e,NONE
T083,25506432,25903680,397248,392448,4800,e8ca38b9bb6dd273c79cd67dc9bf48dc2cbef1fb838d96c82782b8ed180e4108,NONE
T084,25931712,26181984,250272,245472,4800,6f8c5ea68c0cadff3300977f038524c8ade6f5c05a9380d205e6c9b4e75fb74f,NONE
T085,26181984,26972736,790752,770704,20048,10da291fb3581bb0de4d4811e8b81fa53739052e587cb45042a6d368106601b4,NONE
T086,27000816,27206400,205584,200784,4800,6fa4e5e699db16ceac5e41b1af8a06b6e6dfda0a79d39ce981f7212635d0d0cc,NONE
T087,27206400,27398064,191664,186864,4800,7fa2672607c969cb4479ca81a979d634fde621f5054ab7193f58919ba78f8bee,NONE
T088,27426096,27713808,287712,282912,4800,d933b584c33ef8fa2ce32964b3fba45318f7768bd41bf45074bd54f8a966f8f0,NONE
T089,27713808,28061712,347904,343104,4800,37be7082f0aacb32a935ab066b149404c59d790cf64f769bb452de34cc124bfe,NONE
T090,28089744,28387680,297936,293136,4800,41b9112d5420d5c2267057be6fc7cfe24376d3a6809eb0ef4ced323f8c67459e,NONE
T091,28415712,28654080,238368,233568,4800,427dad76f7fc3083f2c3a0c3f553e5498cbca008b78953780e01409facd48542,NONE
