take_id,sequence,chapter,cue_first,cue_last,start,end,available_seconds,word_count,effective_wpm,timing_flag,text,recording_status
T001,S1,The feeling of sameness,1,1,00:00:00.000,00:00:07.000,7.000,14,175.7,NORMAL,Walk through almost any new part of a city and something feels strangely familiar.,KOKORO_CANONICAL_DELIVERY_V1_0
T002,S1,The feeling of sameness,2,2,00:00:07.000,00:00:11.161,4.161,8,203.4,NORMAL,The cars arrive in the same narrow palette.,KOKORO_CANONICAL_DELIVERY_V1_0
T003,S1,The feeling of sameness,3,3,00:00:11.161,00:00:16.000,4.839,9,170.9,NORMAL,"The cafés share pale wood, black metal, and green.",KOKORO_CANONICAL_DELIVERY_V1_0
T004,S1,The feeling of sameness,4,5,00:00:16.000,00:00:23.000,7.000,15,133.9,NORMAL,"Logos use clean letters. New apartment blocks repeat grids of glass, concrete, and muted cladding.",KOKORO_CANONICAL_DELIVERY_V1_0
T005,S1,The feeling of sameness,6,6,00:00:23.000,00:00:30.000,7.000,13,195.5,NORMAL,It can feel as if all of it came from one invisible catalog.,KOKORO_CANONICAL_DELIVERY_V1_0
T006,S1,The feeling of sameness,7,7,00:00:30.000,00:00:34.087,4.087,9,211.8,NORMAL,But the world does not literally look the same.,KOKORO_CANONICAL_DELIVERY_V1_0
T007,S1,The feeling of sameness,8,9,00:00:34.087,00:00:38.000,3.913,9,152.5,NORMAL,Tokyo is not Lagos. Geneva is not Mexico City.,KOKORO_CANONICAL_DELIVERY_V1_0
T008,S1,The feeling of sameness,10,10,00:00:38.000,00:00:41.478,3.478,8,175.8,NORMAL,A family shop is not a global franchise.,KOKORO_CANONICAL_DELIVERY_V1_0
T009,S1,The feeling of sameness,11,11,00:00:41.478,00:00:46.000,4.522,9,147.9,NORMAL,The past was never one continuous carnival of color.,KOKORO_CANONICAL_DELIVERY_V1_0
T010,S1,The feeling of sameness,12,12,00:00:46.000,00:00:54.000,8.000,12,156.5,EXPANSIVE_WINDOW,This is not a film about a secret committee that deleted personality.,KOKORO_CANONICAL_DELIVERY_V1_0
T011,S1,The feeling of sameness,13,14,00:00:54.000,00:01:04.000,10.000,14,124.1,EXPANSIVE_WINDOW,"Different industries, facing different problems, have begun solving them with the same visual vocabulary.",KOKORO_CANONICAL_DELIVERY_V1_0
T012,S2,What the evidence can—and cannot—show,15,15,00:01:04.000,00:01:11.500,7.500,9,169.3,EXPANSIVE_WINDOW,Color gives us one measurable piece of the pattern.,KOKORO_CANONICAL_DELIVERY_V1_0
T013,S2,What the evidence can—and cannot—show,16,16,00:01:11.500,00:01:21.000,9.500,12,145.5,EXPANSIVE_WINDOW,"One museum collection grew grayer over time, while brown and yellow declined.",KOKORO_CANONICAL_DELIVERY_V1_0
T014,S2,What the evidence can—and cannot—show,17,18,00:01:21.000,00:01:27.000,6.000,14,183.8,NORMAL,But the researchers warn: the collection is not a random sample of the world.,KOKORO_CANONICAL_DELIVERY_V1_0
T015,S2,What the evidence can—and cannot—show,19,20,00:01:27.000,00:01:36.000,9.000,12,140.6,EXPANSIVE_WINDOW,They also point to a material shift: from wood toward manufactured surfaces.,KOKORO_CANONICAL_DELIVERY_V1_0
T016,S2,What the evidence can—and cannot—show,21,21,00:01:36.000,00:01:41.000,5.000,9,211.8,NORMAL,The car park makes the pattern easier to see.,KOKORO_CANONICAL_DELIVERY_V1_0
T017,S2,What the evidence can—and cannot—show,22,23,00:01:41.000,00:01:51.000,10.000,11,81.6,EXPANSIVE_WINDOW,"In 2025: white 29%, black 23%, gray 22%, and silver 7%.",KOKORO_CANONICAL_DELIVERY_V1_0
T018,S2,What the evidence can—and cannot—show,24,26,00:01:51.000,00:02:02.000,11.000,14,114.0,EXPANSIVE_WINDOW,"White, black, and gray together: 74%. Add silver, and the grayscale share reaches 81%.",KOKORO_CANONICAL_DELIVERY_V1_0
T019,S2,What the evidence can—and cannot—show,27,28,00:02:02.000,00:02:09.000,7.000,10,126.8,EXPANSIVE_WINDOW,"In Europe, gray alone led at 26%. That proves dominance.",KOKORO_CANONICAL_DELIVERY_V1_0
T020,S2,What the evidence can—and cannot—show,29,30,00:02:09.000,00:02:13.535,4.535,9,156.1,NORMAL,It does not prove why. Several forces may contribute.,KOKORO_CANONICAL_DELIVERY_V1_0
T021,S2,What the evidence can—and cannot—show,31,31,00:02:13.535,00:02:17.000,3.465,8,200.8,NORMAL,The report does not isolate or rank them.,KOKORO_CANONICAL_DELIVERY_V1_0
T022,S2,What the evidence can—and cannot—show,32,32,00:02:17.000,00:02:22.000,5.000,10,172.4,NORMAL,The safest color is the one the fewest people reject.,KOKORO_CANONICAL_DELIVERY_V1_0
T023,S3,Why familiarity feels easier,33,33,00:02:22.547,00:02:26.855,4.308,9,130.8,TIGHT_REVIEW,Avoiding rejection rather than earning love appears beyond cars.,KOKORO_CANONICAL_DELIVERY_V1_0
T024,S3,Why familiarity feels easier,34,35,00:02:27.863,00:02:32.983,5.120,12,143.4,NORMAL,Psychologists call this processing fluency: the ease of making sense of something.,KOKORO_CANONICAL_DELIVERY_V1_0
T025,S3,Why familiarity feels easier,36,37,00:02:32.983,00:02:41.350,8.367,15,109.9,NORMAL,"Research suggests familiar forms, clear contrast, and repeated exposure may ease processing and influence preference.",KOKORO_CANONICAL_DELIVERY_V1_0
T026,S3,Why familiarity feels easier,38,38,00:02:45.323,00:02:48.576,3.253,8,153.4,NORMAL,This does not mean simple is objectively beautiful.,KOKORO_CANONICAL_DELIVERY_V1_0
T027,S3,Why familiarity feels easier,39,40,00:02:48.576,00:02:53.675,5.099,9,111.3,NORMAL,Complexity creates interest and identity; familiarity can become boredom.,KOKORO_CANONICAL_DELIVERY_V1_0
T028,S3,Why familiarity feels easier,41,41,00:02:55.271,00:02:59.501,4.230,9,130.8,NORMAL,"But in a crowded marketplace, immediate comprehension has value.",KOKORO_CANONICAL_DELIVERY_V1_0
T029,S3,Why familiarity feels easier,42,42,00:03:00.592,00:03:04.720,4.128,10,200.0,NORMAL,A product has seconds to explain itself on a shelf.,KOKORO_CANONICAL_DELIVERY_V1_0
T030,S3,Why familiarity feels easier,43,44,00:03:04.720,00:03:10.090,5.370,11,134.7,NORMAL,"A building proposal must survive clients, planners, engineers, budgets, and neighbors.",KOKORO_CANONICAL_DELIVERY_V1_0
T031,S3,Why familiarity feels easier,45,45,00:03:10.090,00:03:15.340,5.250,13,151.5,TIGHT_REVIEW,A brand must remain recognizable on a billboard and inside a tiny icon.,KOKORO_CANONICAL_DELIVERY_V1_0
T032,S3,Why familiarity feels easier,46,47,00:03:17.919,00:03:23.815,5.896,11,126.9,NORMAL,"At every stage, unfamiliarity creates a question. A question creates friction.",KOKORO_CANONICAL_DELIVERY_V1_0
T033,S3,Why familiarity feels easier,48,48,00:03:25.621,00:03:28.603,2.982,8,175.8,NORMAL,And friction needs someone willing to defend it.,KOKORO_CANONICAL_DELIVERY_V1_0
T034,S4,Interfaces and identities,49,49,00:03:30.640,00:03:34.445,3.805,10,173.9,NORMAL,Nowhere is low friction more visible than on a screen.,KOKORO_CANONICAL_DELIVERY_V1_0
T035,S4,Interfaces and identities,50,52,00:03:35.656,00:03:48.729,13.073,32,163.5,NORMAL,"Jakob Nielsen summarized a basic rule of internet behavior: users spend most of their time on other websites, so they prefer a new site to work like the sites they already know.",KOKORO_CANONICAL_DELIVERY_V1_0
T036,S4,Interfaces and identities,53,54,00:03:50.569,00:03:55.483,4.914,12,167.1,NORMAL,That is good usability. A shopping basket should not become a puzzle.,KOKORO_CANONICAL_DELIVERY_V1_0
T037,S4,Interfaces and identities,55,56,00:03:55.483,00:04:01.618,6.135,12,120.8,NORMAL,Navigation needs no tutorial. Familiar patterns can improve digital speed and accessibility.,KOKORO_CANONICAL_DELIVERY_V1_0
T038,S4,Interfaces and identities,57,58,00:04:03.120,00:04:08.000,4.880,10,131.0,NORMAL,But successful conventions spread beyond function. The same rounded cards.,KOKORO_CANONICAL_DELIVERY_V1_0
T039,S4,Interfaces and identities,59,60,00:04:08.000,00:04:11.722,3.722,9,160.7,NORMAL,The same generous white space. The same centered headline.,KOKORO_CANONICAL_DELIVERY_V1_0
T040,S4,Interfaces and identities,61,62,00:04:11.722,00:04:15.473,3.751,9,151.7,NORMAL,The same soft gradient. The same friendly geometric type.,KOKORO_CANONICAL_DELIVERY_V1_0
T041,S4,Interfaces and identities,63,65,00:04:16.979,00:04:23.940,6.961,15,137.8,NORMAL,"Logos face similar pressure: stay clear on phones, watches, browser tabs, packaging, video, and signs.",KOKORO_CANONICAL_DELIVERY_V1_0
T042,S4,Interfaces and identities,66,66,00:04:23.940,00:04:28.912,4.972,10,127.4,NORMAL,Responsive identity systems often remove detail as space becomes smaller.,KOKORO_CANONICAL_DELIVERY_V1_0
T043,S4,Interfaces and identities,67,70,00:04:30.597,00:04:43.759,13.162,31,153.0,NORMAL,"Each individual simplification may be rational. The convergence appears one decision later—when every company reaches for the same solution to signal that it is modern, trustworthy, and easy to use.",KOKORO_CANONICAL_DELIVERY_V1_0
T044,S5,Architecture at scale,71,72,00:04:45.800,00:04:52.716,6.916,14,133.5,NORMAL,Physical space follows a similar logic. Early McDonald’s restaurants were designed to attract attention.,KOKORO_CANONICAL_DELIVERY_V1_0
T045,S5,Architecture at scale,73,74,00:04:52.716,00:04:59.476,6.760,11,99.4,NORMAL,McDonald's history calls its 1953 red-and-white tiled building an attention-getting design.,KOKORO_CANONICAL_DELIVERY_V1_0
T046,S5,Architecture at scale,75,75,00:04:59.476,00:05:04.124,4.648,11,198.2,NORMAL,The arches were not merely a logo placed on the building.,KOKORO_CANONICAL_DELIVERY_V1_0
T047,S5,Architecture at scale,76,78,00:05:04.124,00:05:15.955,11.831,28,162.8,NORMAL,"They were part of the building. In the late nineteen-sixties, that design gave way to the Mansard roof, which could be repeated and remodeled across a growing system.",KOKORO_CANONICAL_DELIVERY_V1_0
T048,S5,Architecture at scale,79,79,00:05:17.195,00:05:21.843,4.648,11,191.3,NORMAL,The lesson is not that every chain became a gray box.,KOKORO_CANONICAL_DELIVERY_V1_0
T049,S5,Architecture at scale,80,81,00:05:21.843,00:05:28.496,6.653,11,101.9,NORMAL,McDonald's highlights newer locations using existing architecture and distinctive local features.,KOKORO_CANONICAL_DELIVERY_V1_0
T050,S5,Architecture at scale,82,82,00:05:28.576,00:05:33.224,4.648,11,207.5,NORMAL,The lesson is that scale changes what a design must do.,KOKORO_CANONICAL_DELIVERY_V1_0
T051,S5,Architecture at scale,83,83,00:05:34.465,00:05:38.267,3.802,9,194.9,NORMAL,A one-off building can be inseparable from its site.,KOKORO_CANONICAL_DELIVERY_V1_0
T052,S5,Architecture at scale,84,85,00:05:38.267,00:05:45.519,7.252,14,118.8,NORMAL,"A repeatable system must adapt across plots, rules, contractors, climates, maintenance, and customer expectations.",KOKORO_CANONICAL_DELIVERY_V1_0
T053,S5,Architecture at scale,86,86,00:05:46.046,00:05:50.916,4.870,11,138.4,NORMAL,"The larger the network, the more valuable the adaptable container becomes.",KOKORO_CANONICAL_DELIVERY_V1_0
T054,S5,Architecture at scale,87,89,00:05:51.366,00:05:59.036,7.670,15,118.9,NORMAL,"Identity then migrates into controlled layers: signage, furniture, packaging, lighting, menu screens, and the app.",KOKORO_CANONICAL_DELIVERY_V1_0
T055,S5,Architecture at scale,90,90,00:05:59.735,00:06:03.960,4.225,10,165.3,NORMAL,The building becomes quieter so the system can travel further.,KOKORO_CANONICAL_DELIVERY_V1_0
T056,S6,The feedback loop,91,92,00:06:05.560,00:06:11.053,5.493,13,165.3,NORMAL,"At this point, sameness can emerge without anyone choosing sameness as the goal.",KOKORO_CANONICAL_DELIVERY_V1_0
T057,S6,The feedback loop,93,93,00:06:11.639,00:06:14.719,3.080,8,161.1,NORMAL,One developer copies a layout that sold quickly.,KOKORO_CANONICAL_DELIVERY_V1_0
T058,S6,The feedback loop,94,95,00:06:14.719,00:06:19.773,5.054,11,135.2,NORMAL,A designer chooses familiar type. A café recreates a photogenic interior.,KOKORO_CANONICAL_DELIVERY_V1_0
T059,S6,The feedback loop,96,96,00:06:19.773,00:06:23.472,3.699,9,153.0,NORMAL,One platform recommends work similar to what held attention.,KOKORO_CANONICAL_DELIVERY_V1_0
T060,S6,The feedback loop,97,97,00:06:23.472,00:06:27.725,4.253,9,138.1,NORMAL,Different actors can reinforce the same pattern without coordinating.,KOKORO_CANONICAL_DELIVERY_V1_0
T061,S6,The feedback loop,98,99,00:06:27.725,00:06:32.145,4.420,11,152.8,NORMAL,No single choice transforms culture. Each becomes evidence for the next.,KOKORO_CANONICAL_DELIVERY_V1_0
T062,S6,The feedback loop,100,102,00:06:32.145,00:06:40.300,8.155,10,83.4,NORMAL,"Spotify researchers describe recommendation systems balancing familiarity, similarity, and discovery.",KOKORO_CANONICAL_DELIVERY_V1_0
T063,S6,The feedback loop,103,104,00:06:40.300,00:06:45.170,4.870,10,126.3,NORMAL,The platform does not maximize sameness; it balances competing objectives.,KOKORO_CANONICAL_DELIVERY_V1_0
T064,S6,The feedback loop,105,110,00:06:45.170,00:07:01.689,16.519,33,131.6,NORMAL,Algorithms did not invent visual convergence. They can accelerate the loop: familiar things are easier to recognize; recognition eases choice; choices are easier to measure; and what is measured is easier to imitate.,KOKORO_CANONICAL_DELIVERY_V1_0
T065,S6,The feedback loop,111,111,00:07:01.689,00:07:04.525,2.836,7,155.6,TIGHT_REVIEW,"This is our model, not Spotify's finding.",KOKORO_CANONICAL_DELIVERY_V1_0
T066,S6,The feedback loop,112,113,00:07:05.891,00:07:11.871,5.980,14,161.2,NORMAL,The conspiracy is not a room full of designers agreeing to make everything identical.,KOKORO_CANONICAL_DELIVERY_V1_0
T067,S6,The feedback loop,114,115,00:07:13.045,00:07:18.960,5.915,14,187.1,NORMAL,It is a feedback loop in which nobody wants to be the expensive exception.,KOKORO_CANONICAL_DELIVERY_V1_0
T068,S7,The exceptions that matter,116,116,00:07:20.560,00:07:23.940,3.380,8,181.1,NORMAL,But a useful theory must explain its limits.,KOKORO_CANONICAL_DELIVERY_V1_0
T069,S7,The exceptions that matter,117,118,00:07:24.790,00:07:31.189,6.399,14,142.1,NORMAL,"If scale automatically destroyed difference, every global brand would look identical in every city.",KOKORO_CANONICAL_DELIVERY_V1_0
T070,S7,The exceptions that matter,119,121,00:07:31.189,00:07:40.027,8.838,19,140.4,NORMAL,"They do not. If digital legibility required one style, every successful interface would use the same colors and shapes.",KOKORO_CANONICAL_DELIVERY_V1_0
T071,S7,The exceptions that matter,122,124,00:07:40.027,00:07:49.174,9.147,20,145.1,NORMAL,"They do not. If neutral cars were the inevitable result of economics, expressive models would never sell in bright colors.",KOKORO_CANONICAL_DELIVERY_V1_0
T072,S7,The exceptions that matter,125,127,00:07:49.174,00:07:53.957,4.783,10,132.5,NORMAL,They do. Constraints narrow possibilities. They do not eliminate choice.,KOKORO_CANONICAL_DELIVERY_V1_0
T073,S7,The exceptions that matter,128,129,00:07:54.806,00:08:00.299,5.493,13,148.9,NORMAL,"And once a visual language becomes too common, difference can recover economic value.",KOKORO_CANONICAL_DELIVERY_V1_0
T074,S7,The exceptions that matter,130,130,00:08:01.149,00:08:04.979,3.830,10,160.9,NORMAL,A colorful car becomes memorable because the road is neutral.,KOKORO_CANONICAL_DELIVERY_V1_0
T075,S7,The exceptions that matter,131,131,00:08:04.979,00:08:08.945,3.966,10,170.0,NORMAL,An ornate wordmark stands out because competitors use plain type.,KOKORO_CANONICAL_DELIVERY_V1_0
T076,S7,The exceptions that matter,132,133,00:08:08.945,00:08:15.937,6.992,15,132.9,NORMAL,A restaurant filled with local materials becomes a destination because the standardized alternative is everywhere.,KOKORO_CANONICAL_DELIVERY_V1_0
T077,S7,The exceptions that matter,134,135,00:08:16.787,00:08:21.970,5.183,13,153.8,NORMAL,This is why design moves in cycles. A solution spreads because it works.,KOKORO_CANONICAL_DELIVERY_V1_0
T078,S7,The exceptions that matter,136,136,00:08:21.970,00:08:25.255,3.285,8,175.8,NORMAL,It becomes a convention because it is copied.,KOKORO_CANONICAL_DELIVERY_V1_0
T079,S7,The exceptions that matter,137,137,00:08:25.255,00:08:30.730,5.475,12,166.3,NORMAL,Then the convention creates an opportunity for someone willing to break it.,KOKORO_CANONICAL_DELIVERY_V1_0
T080,S7,The exceptions that matter,138,138,00:08:31.560,00:08:34.960,3.400,8,145.5,NORMAL,Sameness contains the conditions for its own reversal.,KOKORO_CANONICAL_DELIVERY_V1_0
T081,S8,A more defensible answer,139,139,00:08:36.560,00:08:39.685,3.125,8,206.0,NORMAL,So why does everything look the same now?,KOKORO_CANONICAL_DELIVERY_V1_0
T082,S8,A more defensible answer,140,142,00:08:39.685,00:08:50.800,11.115,20,112.1,NORMAL,"Not because everything is the same. Across these cases, design happens inside systems rewarding legibility, familiarity, adaptability, and measurable performance.",KOKORO_CANONICAL_DELIVERY_V1_0
T083,S8,A more defensible answer,143,145,00:08:51.384,00:08:59.660,8.276,20,148.9,NORMAL,"Those pressures are real. They can help products function, interfaces remain usable, buildings get approved, and brands operate at scale.",KOKORO_CANONICAL_DELIVERY_V1_0
T084,S8,A more defensible answer,146,147,00:09:00.244,00:09:05.458,5.214,13,153.5,NORMAL,The problem begins when a useful constraint is mistaken for an aesthetic commandment.,KOKORO_CANONICAL_DELIVERY_V1_0
T085,S8,A more defensible answer,148,151,00:09:05.458,00:09:21.932,16.474,38,147.9,NORMAL,When “easy to recognize” becomes “must look familiar.” When “adaptable” becomes “without local character.” When “low risk” becomes “without a point of view.” The world does not have to become identical for difference to become harder to defend.,KOKORO_CANONICAL_DELIVERY_V1_0
T086,S8,A more defensible answer,152,152,00:09:22.517,00:09:26.800,4.283,10,171.9,NORMAL,And perhaps that is the hidden cost of frictionless design.,KOKORO_CANONICAL_DELIVERY_V1_0
T087,S8,A more defensible answer,153,153,00:09:26.800,00:09:30.793,3.993,10,154.6,NORMAL,We notice fewer bad surprises—but also fewer good ones.,KOKORO_CANONICAL_DELIVERY_V1_0
T088,S8,A more defensible answer,154,155,00:09:31.377,00:09:37.437,6.060,14,140.9,NORMAL,"Personality requires an argument. It may cost more, divide opinion, age badly, or fail.",KOKORO_CANONICAL_DELIVERY_V1_0
T089,S8,A more defensible answer,156,157,00:09:37.437,00:09:44.619,7.182,18,161.4,NORMAL,Many distinctive things began as choices that could not be defended by saying: everyone else is doing it.,KOKORO_CANONICAL_DELIVERY_V1_0
T090,S8,A more defensible answer,158,159,00:09:45.203,00:09:51.673,6.470,15,141.3,NORMAL,"Sameness is rarely imposed all at once. It accumulates, one reasonable decision at a time.",KOKORO_CANONICAL_DELIVERY_V1_0
T091,S8,A more defensible answer,160,161,00:09:51.994,00:09:56.960,4.966,12,150.9,NORMAL,And difference returns the same way: one defensible exception at a time.,KOKORO_CANONICAL_DELIVERY_V1_0
