take_id,filename,voice,source_class,selected_speed,source_path_class,source_sha256,output_sha256,text_sha256,text,source_samples,trim_start_sample_24k,trim_end_sample_24k,output_samples_48k,duration_seconds,revised_start,revised_end,window_seconds,headroom_seconds
T001,T001.wav,am_michael,RAW_NATURAL_SPEED,1.0,b01-kokoro-full,78ae77d4ce35078ab7345198f3ec057e1c70c14906f00cc8d279a4efd9ba0c76,f50cf464b30ca2b42439407a7d652374701b02d9f9b3dde3f87d7d0ee7031b80,82abc0d6771631c0d0aa0f3e9967c3b2702cc395cc88e3bde24419a79b180c96,Walk through almost any new part of a city and something feels strangely familiar.,135600,8160,122880,229440,4.78,00:00:00.000,00:00:07.000,7.0,2.22
T002,T002.wav,am_michael,RAW_NATURAL_SPEED,1.0,b01-kokoro-full,738581861e8d8391ebb219d34b5c7bb6b570c0614dc9897947fbed883265bb33,0bce0c51dca35575cc540cf554326cacc0a9e5da508a3ae5ce37f10df92c1760,efc829ca5d505d1879035e015e3b39a5ba60dc911c5860edaef0739a634c2742,The cars arrive in the same narrow palette.,76800,7440,64080,113280,2.36,00:00:07.000,00:00:11.161,4.161,1.801
T003,T003.wav,am_michael,RAW_NATURAL_SPEED,1.0,b01-kokoro-full,af7cc36213db9639c64bbdbd5b431d7a80a5992fda432a136328cd0fef9ff34c,390ed2ae94766270f8456cca56ab11023e9430b22825fcd33b204edb627b0120,2e94a274952b19e02f4ebc0f3cabfa3278547e27cda24080ae7dbac1b49e8070,"The cafés share pale wood, black metal, and green.",97200,7440,83280,151680,3.16,00:00:11.161,00:00:16.000,4.839,1.679
T004,T004.wav,am_michael,RAW_NATURAL_SPEED,1.0,b01-kokoro-full,42ec69a4d041ee0a6bb1bf6eb65ab5cfe3476a5e6c2858abac1b65ab37912982,f7b3bb68ce0c8d9dde23cc0d310258a02c0dffbaa0dd1446ad53134e0425e1f5,31f97b6b8fda0ee9a7377450e80fd2235d7c2a17feef7fd20e42ff8fc74ccfe2,"Logos use clean letters. New apartment blocks repeat grids of glass, concrete, and muted cladding.",183000,7920,169200,322560,6.72,00:00:16.000,00:00:23.000,7.0,0.28
T005,T005.wav,am_michael,RAW_NATURAL_SPEED,1.0,b01-kokoro-full,c12961ad89685d9be0eb5c883130181887a66774274082ca9b8676160b0738f5,0e4ad1cfb36b8e17a21fbb2dfe93546cdcf812c7045a28ef631c37e4870c996a,abf6564adfbaa19e52c3d64cd974e2767434ed2e35052fbad29f8468ee525133,It can feel as if all of it came from one invisible catalog.,118200,7920,103680,191520,3.99,00:00:23.000,00:00:30.000,7.0,3.01
T006,T006.wav,am_michael,RAW_NATURAL_SPEED,1.0,b01-kokoro-full,36733412880c9f815306b80a1c51a4cc8da2d8e9d606f685a1fec60526dfc68b,56ea37a493b86742dbee725044dbb454ce4290544bf4eeae793a9d70c16fb2ea,e4585a46ec5b1df0f18658c127930d93c7a79f4429a3a165cc18a31fd23f07de,But the world does not literally look the same.,83400,7440,68640,122400,2.55,00:00:30.000,00:00:34.087,4.087,1.537
T007,T007.wav,am_michael,ADAPTIVE_EXISTING,1.15,b01-kokoro-adaptive,942bad667934b510d71ece22e47fd89c5b36ce353990667f04edf66755916940,7d4cf45a736cf72e7edc3fda82165e0579a90df93e19049453681ed482ff28e3,5829d0fdf17efd461800d17e2e012b93995abbbbee2c8f33994b6c0ab71ea2ec,Tokyo is not Lagos. Geneva is not Mexico City.,103200,6480,91440,169920,3.54,00:00:34.087,00:00:38.000,3.913,0.373
T008,T008.wav,am_michael,RAW_NATURAL_SPEED,1.0,b01-kokoro-full,582390ea88e63523fbf9ba4383a98924a5e7d6224e7fb8ba9651bc008d187064,da2e10dd13796a4e5aadf01a37911784c79cdbd204d77408cc6229948e7d4ddd,0c864051f4c80f67826666bf533303f675e433c2d1c6d4f9a5c23a98ce93e5c5,A family shop is not a global franchise.,84000,7680,73200,131040,2.73,00:00:38.000,00:00:41.478,3.478,0.748
T009,T009.wav,am_michael,RAW_NATURAL_SPEED,1.0,b01-kokoro-full,773964b953bf160cfbbaae1bbaec81ec6ea95d946e351017f9ab6bbc75d67adf,1299106fc06807faa7dcb9bd615b9163a72072b2befa1e80b028e7aebecf8cb3,cd78e529fe7490c53cdb18b0ab9d4eb28e40e83427e5e1d77c3af3c04244271b,The past was never one continuous carnival of color.,108600,7680,95280,175200,3.65,00:00:41.478,00:00:46.000,4.522,0.872
T010,T010.wav,am_michael,RAW_NATURAL_SPEED,1.0,b01-kokoro-full,333f0a52cfccd34c9b87f7a09f9a69bbff3b1b561c0a3b7c0f487f87873787e6,ec4c4cdd3fe40d09624587f0fbc3788db34dcae7a27e0de7ae630f01813bfd8b,8e3fd0e981dfc206199b46fc13aa9ed78a59b2f2bbec376579807cb933686249,This is not a film about a secret committee that deleted personality.,131400,7680,118080,220800,4.6,00:00:46.000,00:00:54.000,8.0,3.4
T011,T011.wav,am_michael,RAW_NATURAL_SPEED,1.0,b01-kokoro-full,ef9e746f11b58eb0355083613da6e4d06c2293f95fc08a56073311c7e566ce2b,becf7a8d3ac32a3129ea73b08eb6bbda33c49205941f4711e6435265c6c233c8,7cf01a1050ca660ffc0131fb861f88f235cccf16ead3e5504129d66a54c2fdf0,"Different industries, facing different problems, have begun solving them with the same visual vocabulary.",184800,8160,170640,324960,6.77,00:00:54.000,00:01:04.000,10.0,3.23
T012,T012.wav,am_michael,RAW_NATURAL_SPEED,1.0,b01-kokoro-full,e6f0704f19af9aeaa5275e91a85e2d3019b49fbf683e48a3358de6a9673efbcf,eee66f03c2a0264a3630a150ed984ab00562d91325b115f9a2f028c21a5b8505,27429cb3a0b110048b05a499ea927765838f2198becfce6c10b36d570ece4cd7,Color gives us one measurable piece of the pattern.,98400,7440,84000,153120,3.19,00:01:04.000,00:01:11.500,7.5,4.31
T013,T013.wav,am_michael,RAW_NATURAL_SPEED,1.0,b01-kokoro-full,3a1af7e3ab99fcb6fdb35e5f18c30ee811d6e1549bfc69ba705aae16f55e1f07,cdfabd954ac86a64ea99902de7a65b179106dd9db8f9e55ccf3ee8ff5457d492,70b421e5ba27c3086c871f2f5712383399806330d7599c133cf13fcd26c063e0,"One museum collection grew grayer over time, while brown and yellow declined.",143400,8640,127440,237600,4.95,00:01:11.500,00:01:21.000,9.5,4.55
T014,T014.wav,am_michael,RAW_NATURAL_SPEED,1.0,b01-kokoro-full,5531fc22b0784c313745b5d386ca7b76514c349597c28d8446a0e711a9e08d59,ebe48c2199e85ad732000be1890c56ea16b41e460388e7943520e032a2fc698e,0ecdccbef533e00b1a8a7e0531c5e06a6be026ac128b88281749ddc772f6d75a,But the researchers warn: the collection is not a random sample of the world.,132000,7440,117120,219360,4.57,00:01:21.000,00:01:27.000,6.0,1.43
T015,T015.wav,am_michael,RAW_NATURAL_SPEED,1.0,b01-kokoro-full,0012af485cd9f6ac8fcd2ba4b9076d0a162cfe95fa46a1942248a15a7c55849a,3ac1c765d3892cb90153f03aaac4fb1b7d3bcf36db949f5eeb34481ac6bf3599,0da8b1681d0b1e1d86eb8058c7de9e6645f74c715b25adabed7da601077b19c6,They also point to a material shift: from wood toward manufactured surfaces.,142200,7920,130800,245760,5.12,00:01:27.000,00:01:36.000,9.0,3.88
T016,T016.wav,am_michael,RAW_NATURAL_SPEED,1.0,b01-kokoro-full,0b3c1c3ae44b6066ecec1f5705c5d678fc0e2bc705849897a197b141b32aa704,e3250b5331f034cb72f2d77557fa49684cc1662c1179869a84bd0f4eafb107c7,f68dd9d95471d2bd85eeeab7df942668d500db0a298817e1d7102f15d66dbc4b,The car park makes the pattern easier to see.,81600,7680,68880,122400,2.55,00:01:36.000,00:01:41.000,5.0,2.45
T017,T017.wav,am_michael,RAW_NATURAL_SPEED,1.0,b01-kokoro-full,82e74241949365e08ea57069906d00881377cf87483b971cba202f091bffe7e6,42404d4a8e000ef9857d8fbec8d6c0741afa586a247d08f46b6c327e80b7ee25,652daae0891541ccd6913c329e03377dbd055556753c36f25b6eed8b5d5510d8,"In 2025: white 29%, black 23%, gray 22%, and silver 7%.",217200,8160,202320,388320,8.09,00:01:41.000,00:01:51.000,10.0,1.91
T018,T018.wav,am_michael,RAW_NATURAL_SPEED,1.0,b01-kokoro-full,9d09d0302c34abe3facf4d690b1e10c065aac6c83591fdeb8cad0d293c6a6f65,1462e2db503db26b45a4959667d149ba91dfd49157d39b1a8611d2e1837d6018,4841cb69bf06368861e590502a1cf63ffe6ed957fcc673b7f9241fd8236ab064,"White, black, and gray together: 74%. Add silver, and the grayscale share reaches 81%.",198600,8400,185280,353760,7.37,00:01:51.000,00:02:02.000,11.0,3.63
T019,T019.wav,am_michael,RAW_NATURAL_SPEED,1.0,b01-kokoro-full,635012dfd5a5c60d66ee6dabb596c7a0d15ff2241f816baf8255c907ed48ff45,d676c2507c83d65e246d060b67c2b6b2a0a9d2c1061768bb3352b174fa92ad35,da7d650df3901d9ff4f902e4679d7eabccd7bf7c46ed0f03843e725a44267bfb,"In Europe, gray alone led at 26%. That proves dominance.",131400,7920,121440,227040,4.73,00:02:02.000,00:02:09.000,7.0,2.27
T020,T020.wav,am_michael,RAW_NATURAL_SPEED,1.0,b01-kokoro-full,666a4894f85084cc60fcfb22ec46f372037bc340294fae34dc7e0871b60d3e17,774e1a5e6a3cb227a2111083cc791e121f93bb9b8d96a3ba0de940684ae81144,ed61cf91f346a3d2311c391317227c32dd28a793cbc957d7ebbf4d143f85f5a8,It does not prove why. Several forces may contribute.,103800,7440,90480,166080,3.46,00:02:09.000,00:02:13.535,4.535,1.075
T021,T021.wav,am_michael,RAW_NATURAL_SPEED,1.0,b01-kokoro-full,d95536e1fbb09cdc5736fcbbddcf6c9c4bd15569638440cc1e1b8882a2ff2ddd,c28262e490224cbeed94c86a7e998adb42a270aa43a2cf79ae59952593e158b2,ba9fe1ea31e67d0d033d3c4deec20b6200cb1967936f193b6142448300d3cded,The report does not isolate or rank them.,78000,7440,64800,114720,2.39,00:02:13.535,00:02:17.000,3.465,1.075
T022,T022.wav,am_michael,RAW_NATURAL_SPEED,1.0,b01-kokoro-full,ccf5ee399bc28cc29276826448b6f8dca0d3b54f50da88f90d8464da77294b20,0e7e5e7ef4390443f440ff7a91ad8a3eef8c682d143544c773b949bb66c1fc43,9457174d5e993c706d0eb4cf127d6435f649b56c570016733aeecbbd78524d1b,The safest color is the one the fewest people reject.,102000,7440,90960,167040,3.48,00:02:17.000,00:02:22.000,5.0,1.52
T023,T023.wav,am_michael,SURGICAL_REWRITE,1.09,takes,ec498dad53e08af2378abd7f21571a26cc2d12ec8f087277a082c842ca8aa15b,ff515db4189701007f5a05dd68cf22d5f8289f0926148d4206aa78a696b199dd,76ebeceba6d9cc7bf6a07ea4d5faa3fa38d4863dab1ef88b03a827ea44e324f0,Avoiding rejection rather than earning love appears beyond cars.,115800,7440,106560,198240,4.13,00:02:22.547,00:02:26.855,4.308,0.178
T024,T024.wav,am_michael,RAW_NATURAL_SPEED,1.0,b01-kokoro-full,de6015d429b02448a7e640e69a02bc6409115f5e1c33b1142ba28ec43e54bb8c,bc85be07ef072d50a31d42c8ae1fc2db2500ff10b6c188e7e071c1aae376b83f,a01aa891959d52fbeb01009effa13c97a955eabf39d9200fed89ca990919fb50,Psychologists call this processing fluency: the ease of making sense of something.,141600,7920,128400,240960,5.02,00:02:27.863,00:02:32.983,5.12,0.1
T025,T025.wav,am_michael,SURGICAL_REWRITE,1.03,takes,1f92f6a81b0c86b9ac937218852d85cf6bb0956e7a1548817a1ba1b2f107dd49,39dd5bef84b99780a095a4135d4f92944b345b32faa0f8b28a7a8f8f85a1f7e3,6bd9f52ff19460ca908fe45959654e44c1696958ffaca69f1c4496ce5a64216b,"Research suggests familiar forms, clear contrast, and repeated exposure may ease processing and influence preference.",215400,8160,204720,393120,8.19,00:02:32.983,00:02:41.350,8.367,0.177
T026,T026.wav,am_michael,ADAPTIVE_EXISTING,1.15,b01-kokoro-adaptive,73e4450b04f7181e1d5ed39aead7e88113074aeef46c6523e7b997eac4c2bc60,b9306517ebc4272708936557e0fd342a5ece1b8d3220d684b24fbdf3e781ee08,d197fe2ddf54ded82a6b92d2fed935af313175c3d24847587306e876f0230185,This does not mean simple is objectively beautiful.,92400,7200,82320,150240,3.13,00:02:45.323,00:02:48.576,3.253,0.123
T027,T027.wav,am_michael,SURGICAL_REWRITE,1.0,takes,aeba84614c069749e150f54cb02c9d0ab6b91ad6ee4a28c7c07ba1a47fc3bd1a,0978ebe806d9502631e4d61cd0c6c4131d4fa6a78a206e60dc8d3447616f629e,1c5a155d0cf21b15107e08561f69cd901a6455253bc1c46052cca798ec878b98,Complexity creates interest and identity; familiarity can become boredom.,138000,7680,124080,232800,4.85,00:02:48.576,00:02:53.675,5.099,0.249
T028,T028.wav,am_michael,RAW_NATURAL_SPEED,1.0,b01-kokoro-full,d9cbafc3cf17e3bf9dea3bc0bcf56e0e1036ea6df25bea00c947000c33233f11,29c0492f5f7e2898f0d6c78d93823d6b2690d8e37367114bb4c787cfa020c0ad,b992ca7980544539d55f77ab266f0516f7aa61c8ad5ef51a870624269a5dc1ee,"But in a crowded marketplace, immediate comprehension has value.",120600,8160,107280,198240,4.13,00:02:55.271,00:02:59.501,4.23,0.1
T029,T029.wav,am_michael,RAW_NATURAL_SPEED,1.0,b01-kokoro-full,d8e9ae2c91669e2dd9059af203a6bb9ba3bba476cb1f08ff6a5dad13731b3b63,b7df4b967b400302636dab0e17d9d970d915b2d9548bc070a9d010287b4a8ff7,71b4bae8dd94f8c5e457ae98af15c31b100d82e9231d440d11511c895b762259,A product has seconds to explain itself on a shelf.,94800,7680,79680,144000,3.0,00:03:00.592,00:03:04.720,4.128,1.128
T030,T030.wav,am_michael,ADAPTIVE_EXISTING,1.15,b01-kokoro-adaptive,27a631443e1d2973b1f89b67abb32c3176751776d443db9b552423ddfb0d6141,7b274d2fe0f0b99d93d050b9b39e7be75092b52364a86fea4f7be995d25000d4,d2d84600a03d59b55aad85d781670d8baa33959241341833f69c1437950dcf4d,"A building proposal must survive clients, planners, engineers, budgets, and neighbors.",133200,6720,124320,235200,4.9,00:03:04.720,00:03:10.090,5.37,0.47
T031,T031.wav,am_michael,RAW_NATURAL_SPEED,1.0,b01-kokoro-full,39509a5439e951ab1799196778e3e816bd34f15635653a20f0324d52b1a556bb,385cc919afdb39beb72e80687e2e0624a27ffa51c3a3436b8886d03e6d3b6b3b,efeb0430fd2f9e3f5ed2e1ae7308d44e6f80258695e64322fe681556042c812d,A brand must remain recognizable on a billboard and inside a tiny icon.,145800,7680,131280,247200,5.15,00:03:10.090,00:03:15.340,5.25,0.1
T032,T032.wav,am_michael,RAW_NATURAL_SPEED,1.0,b01-kokoro-full,07c0c5fc29626414ed0f9e20d1e53533b6cd7abd474c928f84199934a9703699,dadd5d4639c17ea740b0917f4056333c5ba650e0f580b8c35fe4bf927b54bdd6,34ec5bbc620cf3d4069cbdd1cd8782ba7c6ea2bcde7be96396725db39fe4f2a7,"At every stage, unfamiliarity creates a question. A question creates friction.",145800,7680,132480,249600,5.2,00:03:17.919,00:03:23.815,5.896,0.696
T033,T033.wav,am_michael,RAW_NATURAL_SPEED,1.0,b01-kokoro-full,b15be2b6f168f30f68370b75d98dd277f6452281717e147e7f11d59d349362c7,b0a750151f9cc9df4ca3d76e259782842d2abe0918f0fb3212b4987d0ef5fca8,13bf5a64cb955ed1fb7659584cd95d737ba4065c19bdbe14095bfbed136df2f2,And friction needs someone willing to defend it.,86400,7680,73200,131040,2.73,00:03:25.621,00:03:28.603,2.982,0.252
T034,T034.wav,am_michael,RAW_NATURAL_SPEED,1.0,b01-kokoro-full,60a65387d68a06efd5e12e22471714ca4ee3163eb99a30e8b52f760c8583b6d8,2bb2d5d4bead748747af7807760a2e4bf785c3a0fd177990a47cf2c6b5da2921,cc7889e52a04cde8f0e3adc97b55a92ff0cda402b9f66bf585e91807b168c586,Nowhere is low friction more visible than on a screen.,104400,7920,90720,165600,3.45,00:03:30.640,00:03:34.445,3.805,0.355
T035,T035.wav,am_michael,RAW_NATURAL_SPEED,1.0,b01-kokoro-full,2d2c9a6d376a799bb3c95fe7e570fa074f32d8668a9cae05a71c8d11403a88c9,67c1fd4a6f34368b77e4db7c30bd8ebcbfaa4a7a19295996eee7059c2f89fa71,51ec0f4de87909bfacf2f887820831f53ce945976c04923e4dc30dafdcea5ff5,"Jakob Nielsen summarized a basic rule of internet behavior: users spend most of their time on other websites, so they prefer a new site to work like the sites they already know.",304800,8400,290160,563520,11.74,00:03:35.656,00:03:48.729,13.073,1.333
T036,T036.wav,am_michael,RAW_NATURAL_SPEED,1.0,b01-kokoro-full,a53cdc6d7b3603499a8b7c3a3490757d3815734113dc4251aeaff2d5d6f8f88b,1939c6ce35555a68492e62b9cba1425eb6bb101af1069a751c89487a44f317cd,34d0546aff1a63f1786441a238331620efb000905db7e6cd4c165a7300e6dc20,That is good usability. A shopping basket should not become a puzzle.,123600,7680,111120,206880,4.31,00:03:50.569,00:03:55.483,4.914,0.604
T037,T037.wav,am_michael,SURGICAL_REWRITE,1.15,takes,79685225a75cb57413e4c3e026b12e2c511988e7696430f07d7844814787d666,89b2077501b3185e3500dff12bc4593cfc1516c72173413ece6d6703a575df16,c1ec93b65b46ce9e6b59e0481cd0d1febe455da76f630d1c5088bd38fd357cdb,Navigation needs no tutorial. Familiar patterns can improve digital speed and accessibility.,162000,7200,150240,286080,5.96,00:03:55.483,00:04:01.618,6.135,0.175
T038,T038.wav,am_michael,ADAPTIVE_EXISTING,1.15,b01-kokoro-adaptive,ea17ccdfb16dfe968d791d9efc2054dd0fc241978381ef0b28421057f9f49fd5,33bb55d018aad85230dd7923ea1a09c51d9cc851a20725defa410881ceeac351,1494b633063cc52080a636791c4de07c574f8220e98b01c7908c3f62e6ee4a9b,But successful conventions spread beyond function. The same rounded cards.,125400,6480,116400,219840,4.58,00:04:03.120,00:04:08.000,4.88,0.3
T039,T039.wav,am_michael,ADAPTIVE_EXISTING,1.15,b01-kokoro-adaptive,f63d562ca1796b4a1c2b6a6f698acd304efd4d32f6b123b03e98896c506506fc,ef609a63b3cacfac4d509c37ef6ea60937f7d015d081dcd6e0357b00583c854e,16ce89df7dfa09d93a61423de39ddd64683ab58b6848e557cb96ffb0e9f90ada,The same generous white space. The same centered headline.,99600,6960,87600,161280,3.36,00:04:08.000,00:04:11.722,3.722,0.362
T040,T040.wav,am_michael,ADAPTIVE_EXISTING,1.15,b01-kokoro-adaptive,56159a82495e1c6bc92d243f183b962a1c29d1b817b5419273cfd3ad970c1108,b17057763b2a5572fb987185827ff04ec416bb2844be31eb58c8845be8e3963b,89cb874c08f75ce7ff8aeff15a41bc07f68bb0a06706e825f412deca91393c1b,The same soft gradient. The same friendly geometric type.,103800,6960,92400,170880,3.56,00:04:11.722,00:04:15.473,3.751,0.191
T041,T041.wav,am_michael,SURGICAL_REWRITE,1.09,takes,e1d76d48efb952c07de4b45ad9efb8e778340c62c0c4c8811dd7c1ab563485db,229161351eb26fca546592c02e030eb17438b34d89472e4437930d1de934be68,5e45cc6ca571cebc4ec0b1532a98f17fd1be1e9c7077609a232f5a719d14f1a6,"Logos face similar pressure: stay clear on phones, watches, browser tabs, packaging, video, and signs.",179400,7920,164640,313440,6.53,00:04:16.979,00:04:23.940,6.961,0.431
T042,T042.wav,am_michael,ADAPTIVE_EXISTING,1.15,b01-kokoro-adaptive,ec329ff1bcf09215a4887855c1abdba18f7a9ec6b45451651bc7ed101a3e6f03,a2d8e919116313d063fe0e38db013364650c32d3e87ec710a45a4532aa36aa7d,eca35ecd720596b3c6b9245bba9241ee11df832b9b180b26204a19ce08d08a7e,Responsive identity systems often remove detail as space becomes smaller.,132600,7200,120240,226080,4.71,00:04:23.940,00:04:28.912,4.972,0.262
T043,T043.wav,am_michael,ADAPTIVE_EXISTING,1.15,b01-kokoro-adaptive,2c9c60cf9559fc9160ecc6149b2cbac6190134261b6f2779ca37a68a5ff32820,cde2032efa174ab95efc393ddaf3ae1be9d25b4ed9397ff48aa8b5c74b8a9b7d,acd3e9e1a948575396b87db2f4383425c1cfbd1395cac6049638364a2264620a,"Each individual simplification may be rational. The convergence appears one decision later—when every company reaches for the same solution to signal that it is modern, trustworthy, and easy to use.",309000,7200,299040,583680,12.16,00:04:30.597,00:04:43.759,13.162,1.002
T044,T044.wav,am_michael,ADAPTIVE_EXISTING,1.15,b01-kokoro-adaptive,b68786462a8d87ed8bd2ecff23687110540ad48aa70611f6f23c8a9949418b66,55d16128f9f12bc87c77d195ab4b7e716145a49d5b9f85f340622b65eaacc575,6c39e14f2a0ece1e424f2748658596101562c55035fe7d253973ac3c08fa1e5b,Physical space follows a similar logic. Early McDonald’s restaurants were designed to attract attention.,169800,7200,158160,301920,6.29,00:04:45.800,00:04:52.716,6.916,0.626
T045,T045.wav,am_michael,SURGICAL_REWRITE,1.12,takes,a89011a06bf7d3591e8136d1d21472f6707eff518c700ffe63980e4eab9fad4d,b3594137d8220793b8425ba3ea809c7304541499ea5e73440d30819c5f235cfe,35ed20685d756ecc6976d75cf44ae63f0c214c79d941b469f10e89eb50703b18,McDonald's history calls its 1953 red-and-white tiled building an attention-getting design.,180000,7200,166560,318720,6.64,00:04:52.716,00:04:59.476,6.76,0.12
T046,T046.wav,am_michael,RAW_NATURAL_SPEED,1.0,b01-kokoro-full,f5ab7a88212e7bd04a36f39a1cddd65edf455c298a3fe6af7c2f2fc86ee04e45,829bb7fa3c4246238edc498c696ea55aed58b03ca51d9de5f227d8b7b907ef8e,3ba27a714b1091dd7d77fcb5c7be17b00b159fcc65381e91f49eea8480f17b87,The arches were not merely a logo placed on the building.,101400,7680,87600,159840,3.33,00:04:59.476,00:05:04.124,4.648,1.318
T047,T047.wav,am_michael,RAW_NATURAL_SPEED,1.0,b01-kokoro-full,49033c7fc765f77afe327e9c2dcfb7e560f67c8786bb693d1790d47c36eb204e,cb624197ba51e0d5d20e1b01d5ac7cbe5785e0a320cbb27b8782c948decdb430,03dd21ccd2fede73ec45e6ad698e6e46a5190a90848cdd5bcff973810d63b30b,"They were part of the building. In the late nineteen-sixties, that design gave way to the Mansard roof, which could be repeated and remodeled across a growing system.",270000,8400,256080,495360,10.32,00:05:04.124,00:05:15.955,11.831,1.511
T048,T048.wav,am_michael,RAW_NATURAL_SPEED,1.0,b01-kokoro-full,b59ee18afc204bd8972b68dc85afec065c1318a0113a2baa778d1ff6d63b96be,bdd62e625c0645fcb053fc777672af94a5ae6eeb0f3c9152a80757de44396aeb,ccc8255f16e97b53fc0043506c3005f7e44dff94c52a6ace11d9931a8f3339e6,The lesson is not that every chain became a gray box.,100800,7680,90480,165600,3.45,00:05:17.195,00:05:21.843,4.648,1.198
T049,T049.wav,am_michael,SURGICAL_REWRITE,1.0,takes,73ded8cbc90660cfd6e8b54ef160321e10125163e0466173cac6269b5e812671,a67956d2255c38cd930e6abd9792270a742894d8f7a018be57bd527bf61ab841,5cf58baf497c1090d4043f6a9f1f58da9207231a1d780a0abe0df8afefed7142,McDonald's highlights newer locations using existing architecture and distinctive local features.,174600,7920,163440,311040,6.48,00:05:21.843,00:05:28.496,6.653,0.173
T050,T050.wav,am_michael,RAW_NATURAL_SPEED,1.0,b01-kokoro-full,9a90e16d19b0e2a2010525967349574f54fca8578852d0947f6e381726f16967,5137766ef0adf196f17c05fd0ee1e8a8f6763efabdfb9914edf475edda7c71d2,69f169281dae5f89c2252f35db56476c48a61f3452af4d21dede907105f2da34,The lesson is that scale changes what a design must do.,98400,7680,84000,152640,3.18,00:05:28.576,00:05:33.224,4.648,1.468
T051,T051.wav,am_michael,RAW_NATURAL_SPEED,1.0,b01-kokoro-full,9bc19c51faac88dfc71626a550e8817925df13c9fa41a0052240daf726133ee4,b74e5d4659cb47bf4f028fd92cb77380d40db70957d628eee40808e96049eb51,2f1e97fa4617e6b31aec0f5d7dfef1e15658e53230991102164956db5bd5e1b4,A one-off building can be inseparable from its site.,88200,7680,74160,132960,2.77,00:05:34.465,00:05:38.267,3.802,1.032
T052,T052.wav,am_michael,SURGICAL_REWRITE,1.15,takes,13e5c116dea712e5eae82184969dd1d0333f13916be6d80641b59b3f9c7fc7d5,ca45c25c532606df060890d7b90a849ee04fd265e88f834f03b6ea6bbb689e71,5184b4bbbbedfd598bc440e7213db49a9dc6cb2ab1472af6fa13f9908cada04c,"A repeatable system must adapt across plots, rules, contractors, climates, maintenance, and customer expectations.",190800,7200,176880,339360,7.07,00:05:38.267,00:05:45.519,7.252,0.182
T053,T053.wav,am_michael,RAW_NATURAL_SPEED,1.0,b01-kokoro-full,6ba2664a0169c175011a98209190fdbd08911c7a5f500a60daccd33f05173b56,98db11299a0abc9560b0c7935571661db2afeb30af91919632ea992cf06257ef,18639c9d423143b80a24de59a530451c30b98a37e157bd3c1a2eea4e2b06c881,"The larger the network, the more valuable the adaptable container becomes.",132600,7680,122160,228960,4.77,00:05:46.046,00:05:50.916,4.87,0.1
T054,T054.wav,am_michael,RAW_NATURAL_SPEED,1.0,b01-kokoro-full,e1f8ea4b9546d6ac716643e7fb14eec524d31184bf9d2bb3f41297cfefb41a39,61414ce6f5a8d55f63dadf41c20c8c5504f4e95902d5abd2bd17ecbb1c5c91a3,b9c052f0329435b625f599c2ac1db28ccc333236ab6344c8fcc1d695b741e1bc,"Identity then migrates into controlled layers: signage, furniture, packaging, lighting, menu screens, and the app.",204600,8400,190080,363360,7.57,00:05:51.366,00:05:59.036,7.67,0.1
T055,T055.wav,am_michael,RAW_NATURAL_SPEED,1.0,b01-kokoro-full,0f3ccd3584bffa92708ff9e7b7bf8e82d87fe883d18b92b9baafbe5af3076ec3,95ec3ce124073624d7d23854e0bd8f55d112893a4e3d71957f6b38be72541cc9,554abe1e7ac5ec77f88838ae02846b13f65d9088d8b59e2a245e94ae6fdece11,The building becomes quieter so the system can travel further.,107400,7680,94800,174240,3.63,00:05:59.735,00:06:03.960,4.225,0.595
T056,T056.wav,am_michael,RAW_NATURAL_SPEED,1.0,b01-kokoro-full,591e996358807f8e16dec6c16d11e5dd73bcfbb1d1ed7aa674e8ffa93824562d,9757615dd50261cc7addd027587efeb8666e7f0088bf73c2453dbfda2935ccc0,90634779e80512ac26b5277965c218f09612a6e1ced2c4d7a84cb04742bbed71,"At this point, sameness can emerge without anyone choosing sameness as the goal.",135000,7680,120960,226560,4.72,00:06:05.560,00:06:11.053,5.493,0.773
T057,T057.wav,am_michael,RAW_NATURAL_SPEED,1.0,b01-kokoro-full,4318ff1f2e8586899d1c4227322f5556021c07dea3dc9de90c7b08afb7d6a7c6,2e94eecef642028fd9d03561d10ba45b9cfdaf4a5205ae621e790b276294deee,4fe91b7884882bf38891d8dcdf58fca7b96be314595774e9e095206f2ec7e680,One developer copies a layout that sold quickly.,93000,8160,79680,143040,2.98,00:06:11.639,00:06:14.719,3.08,0.1
T058,T058.wav,am_michael,SURGICAL_REWRITE,1.15,takes,b1b885d92357824bd46d2fe46dfbcaf7667a0d546fcff9a6c007f70b2ab1cbe4,579fda0c947aa86a75baafdbaa73a4dc044350f17dce64199e14d59e5b2a1104,fe9a9d78fead02136563bc08796d8c7ffbaec6be8f1b9567a8b86931eac2b95c,A designer chooses familiar type. A café recreates a photogenic interior.,135600,6960,124080,234240,4.88,00:06:14.719,00:06:19.773,5.054,0.174
T059,T059.wav,am_michael,ADAPTIVE_EXISTING,1.15,b01-kokoro-adaptive,40e633aba92af19a0a6ab70305d7073c7e4ca0e176f409d08b1fec1a749cde58,0b66bfffeb16c654da1a7baddc0fe750ffc8865172c7f25ec85aa2f2af6fbdcc,fe92a6503d4e0cdb7b83fcdca09184daf9207175123265e03634ac293ff4333a,One platform recommends work similar to what held attention.,103800,7440,92160,169440,3.53,00:06:19.773,00:06:23.472,3.699,0.169
T060,T060.wav,am_michael,ADAPTIVE_EXISTING,1.15,b01-kokoro-adaptive,7038ac47c5b7fffedfcc34dca3cbc4e32c5011d8ba2341057fd09497c0392b12,b106754eac8644fee1d64a4e455fe8947b0d89c7f74dd7b76dd76ddfe6c1d2d5,0445cb7fbb6aa22b5ed28ae3c42c367b802b51198b6c1a8bf57dbad04158f74c,Different actors can reinforce the same pattern without coordinating.,113400,6960,100800,187680,3.91,00:06:23.472,00:06:27.725,4.253,0.343
T061,T061.wav,am_michael,EDITORIAL_BOUNDARY_TRANSFER,1.15,takes,5c38ec2d4e69d938c7f3b3f4e12cebc0011d96460e2572636900126525320155,80f57636a2ad95f3a8c0e2ffe9e878f58a66ed1816048e420b4545e800444598,91d5f36d472a62050acaae9ff8997353b4378e0099f5fbdd54900f98b7a44b19,No single choice transforms culture. Each becomes evidence for the next.,120000,7200,110880,207360,4.32,00:06:27.725,00:06:32.145,4.42,0.1
T062,T062.wav,am_michael,SURGICAL_REWRITE,1.0,takes,ac05087eb0ac56ab2c010157aed05e0d578c5916a493c641e420f1534a6b6c01,227c958d67d32d31e9a66cc14c8729acfc7597f8ba8012e7aa39d8ca6dbc886e,20fbf8abbc0513d9fc6a16a254c9f2550cdf191726b5f1c0a17b697a2c503234,"Spotify researchers describe recommendation systems balancing familiarity, similarity, and discovery.",193800,7440,180000,345120,7.19,00:06:32.145,00:06:40.300,8.155,0.965
T063,T063.wav,am_michael,SURGICAL_REWRITE,1.12,takes,d7509b920ae4672aaecc21d7017aeec9520ca066a3c445fe9617b4531c68ea97,094dfdad1c362089fa6ebab3e956717e6a681165d27d1f863e8562ed48d15281,fc7b4b8bed03afed05a95aea04ec78881aacd5a59b137475ab692f23821f6741,The platform does not maximize sameness; it balances competing objectives.,130200,6720,120720,228000,4.75,00:06:40.300,00:06:45.170,4.87,0.12
T064,T064.wav,am_michael,SURGICAL_REWRITE,1.0,takes,981e5405392ee71b63c997de967d4f55d46ba2ea74b90c516de31b0f9265e959,449e7bf5636d05d520a89ac60b791b9f2a4ca31c87f64b0ffbe5271efd7029c4,278d313ba4f440720f15f23082041f3053c075a8fcf64bc16a14eba24b97921d,Algorithms did not invent visual convergence. They can accelerate the loop: familiar things are easier to recognize; recognition eases choice; choices are easier to measure; and what is measured is easier to imitate.,383400,8160,369360,722400,15.05,00:06:45.170,00:07:01.689,16.519,1.469
T065,T065.wav,am_michael,SURGICAL_REWRITE,1.09,takes,14edd8da9159a3c02e12571b43efc0869ccb17aa19a1e93e36787f08abd8d82c,ad3af094b6782fba7dbe25f9cdffb12ed31cef3c0186a761fb50928228ad4dbf,09e16ff15565607dc505f11fe816cbdb86ded9dc78cd40567f21414166192df5,"This is our model, not Spotify's finding.",84600,7200,72000,129600,2.7,00:07:01.689,00:07:04.525,2.836,0.136
T066,T066.wav,am_michael,RAW_NATURAL_SPEED,1.0,b01-kokoro-full,f8760b1f6681f92f03f49d49dda82202098f19dc04b8061c1272c24eda404f2c,351a5a6cdaaf1e28b85c8f0b4473e21a6dc7f2d3b5cf7e6b5e3801331087e467,3e3466c541bd91c28b835c516b75ce0174afe161e7a8c8a7de66be6086952902,The conspiracy is not a room full of designers agreeing to make everything identical.,145800,7440,132480,250080,5.21,00:07:05.891,00:07:11.871,5.98,0.77
T067,T067.wav,am_michael,RAW_NATURAL_SPEED,1.0,b01-kokoro-full,ba9d0335d41c49f0952f5935322944c3507bedca692a075b825de2df463265b8,be0f76e99009cb84584d8d0dba1b226b31af49d73e7e8707c82aff39fbdb942b,76e9a3316e5af7868dd34b15b99be8d0db90a5630b29b0a82e04249628433361,It is a feedback loop in which nobody wants to be the expensive exception.,129600,7920,115680,215520,4.49,00:07:13.045,00:07:18.960,5.915,1.425
T068,T068.wav,am_michael,RAW_NATURAL_SPEED,1.0,b01-kokoro-full,ab57d1d36e944deea5637b8704ab9cf69428c89ca9e687f2b9186613715bc511,f125fcb5eb5f86b168bd17beee496fd58bc457fad3cf5f6b618c26cddf183482,bc550b6fda07cc9a13f2f102567eba845a3138152eac1638c52a9a525587471a,But a useful theory must explain its limits.,81600,7680,71280,127200,2.65,00:07:20.560,00:07:23.940,3.38,0.73
T069,T069.wav,am_michael,ADAPTIVE_EXISTING,1.15,b01-kokoro-adaptive,1f819105693980044b7dd35f5e0d03cbdf1788ad09000725bdd2df640db478fe,8c67ee4bfc29ae21cc2dacc889fb74a4cb21458f288b8da5b88039c4200c2fba,929ddb16351ad670bfe556b39a1cb916ae085058f389b2ea115e2defa159855d,"If scale automatically destroyed difference, every global brand would look identical in every city.",161400,7200,149040,283680,5.91,00:07:24.790,00:07:31.189,6.399,0.489
T070,T070.wav,am_michael,RAW_NATURAL_SPEED,1.0,b01-kokoro-full,fd48a9f5e582f712b12d48cc1d135ced8eed22418d935396b862a9a220ec4418,1988830aa88845466887754c0f6801904e7f3a6ac3066420e1b34c635592b8bc,390ba2684f343121db234e078b518bff6bb2e2b85e0112de5ab4b655614eb8ad,"They do not. If digital legibility required one style, every successful interface would use the same colors and shapes.",213000,7920,202800,389760,8.12,00:07:31.189,00:07:40.027,8.838,0.718
T071,T071.wav,am_michael,RAW_NATURAL_SPEED,1.0,b01-kokoro-full,fca361211df87ad8c7f33d306cea39ec1744e97e598cfaea5d4a530d6b9a3d32,fffb6d3d494f2d6bddc6e4d2caa7612d78737cbb2910f960231c30b0b97ad721,0216b8a60ad9c5fca73e24fa5a6ce35a0f2d05bce6d81545465b1ef0c6ff4f7b,"They do not. If neutral cars were the inevitable result of economics, expressive models would never sell in bright colors.",217200,7920,206400,396960,8.27,00:07:40.027,00:07:49.174,9.147,0.877
T072,T072.wav,am_michael,RAW_NATURAL_SPEED,1.0,b01-kokoro-full,72473b0d32f3667cf70a86384e11a37499b6b7ef4468ef3f3f4ff0f09cc57ff8,a1490f4530d08f51ae9c9056ca4db2a5202622e38f67bd4e210d89dc3db7f53c,e48ed10f9d167d772a71b44147e1ba804b14cd76de86d4f950c97e0b03c10982,They do. Constraints narrow possibilities. They do not eliminate choice.,126600,7680,116400,217440,4.53,00:07:49.174,00:07:53.957,4.783,0.253
T073,T073.wav,am_michael,ADAPTIVE_EXISTING,1.15,b01-kokoro-adaptive,9f558aec931324b2ef39472da140b8c74639421833f81eeebc0cf20e4507c9fc,5bab0a4e76f01935a3353d48ad5b8c5a3bfc1890a338b291394bb5cc80686298,3ab6b0dc41be39c00ad6c1b12c8fbfd97de3e0ab624cd352db20dd021b828143,"And once a visual language becomes too common, difference can recover economic value.",145200,6960,132720,251520,5.24,00:07:54.806,00:08:00.299,5.493,0.253
T074,T074.wav,am_michael,EDITORIAL_BOUNDARY_TRANSFER,1.15,takes,4bce48087df7cbac64983c6646b3f2c0ae0c3a1de66d5e7c226c913a1e85e95f,1d41aafe96d5fb4c79c827ac1daf85da82ece1e64a9ace820f98e543f67a818f,dbc6885c40976bea99e18070c13a5ab5c7006aeb4c6524a3e001d515b32f867a,A colorful car becomes memorable because the road is neutral.,108000,6960,96480,179040,3.73,00:08:01.149,00:08:04.979,3.83,0.1
T075,T075.wav,am_michael,ADAPTIVE_EXISTING,1.15,b01-kokoro-adaptive,25290f9b9dafc73e6a333daa50e7f52748fc8ae0c64de302e49bbfa32ca3313a,d2f6b409be96bab5bb08aa21458fc647c3d395c468f24926d3136d0caa8d7c0f,9a2fd0b733be41f2298c0546637bac25d2fa211af4576b8d427c237f1cbaa73e,An ornate wordmark stands out because competitors use plain type.,104400,7200,91920,169440,3.53,00:08:04.979,00:08:08.945,3.966,0.436
T076,T076.wav,am_michael,ADAPTIVE_EXISTING,1.15,b01-kokoro-adaptive,d65f6c5db024d4b4c253a994223af2fcdc5c05b94567a6513783be1d7fe8fa3a,d9e7c985dbcaa9a0774d559d8e8a175cf30f7ac70ad56f3a083b1e22b50f8421,2058e52abf4665ec6d88d9644fde212ff5bd9595cbb048153e28599f9ffb267d,A restaurant filled with local materials becomes a destination because the standardized alternative is everywhere.,182400,6960,169440,324960,6.77,00:08:08.945,00:08:15.937,6.992,0.222
T077,T077.wav,am_michael,RAW_NATURAL_SPEED,1.0,b01-kokoro-full,c77438b4ad4417a43725e297e2f6b15dffd0346a1e15c54a02346f1047332594,f55d33b97fa57e09a7b8c28bbd9ba5651cfc50b6ca693d7bd7fe904b58d25059,82da20a91823e42996dbb405be6b2fbd049554e7dcc48e92ef48020d1c569d22,This is why design moves in cycles. A solution spreads because it works.,139800,7680,129360,243360,5.07,00:08:16.787,00:08:21.970,5.183,0.113
T078,T078.wav,am_michael,RAW_NATURAL_SPEED,1.0,b01-kokoro-full,1e2c419fdf285e2cf618c82cd097a2fad0bc9ec87a98ddaca9b7166634265ca1,36efc3659b1d4901394351ff905ed71bd9a178f5be539816801b998a868aff46,3c44f0c5dcc0f77dd23247c513874b77409a9d8f049d1e45af14025c32f2d101,It becomes a convention because it is copied.,86400,7680,73200,131040,2.73,00:08:21.970,00:08:25.255,3.285,0.555
T079,T079.wav,am_michael,RAW_NATURAL_SPEED,1.0,b01-kokoro-full,98d150655152d31b2dfcb7eafcfa406798f8f174e2916ca9c7ebc32333fc3e09,c331fb2f3f9b9a56080821d6da20a104be0edbeffa4ef46a6c1d84ac16ce3437,84ccc357433b9029f3d2112957909360bb834cc4f214a6231eda6469f4ed9900,Then the convention creates an opportunity for someone willing to break it.,125400,8160,112080,207840,4.33,00:08:25.255,00:08:30.730,5.475,1.145
T080,T080.wav,am_michael,RAW_NATURAL_SPEED,1.0,b01-kokoro-full,42cf4490e601b90a9d6b07e89e9d158c0374a4388ad82bde59dc5b554eed179c,246b0f7d3390f599a032f45ab8fe6648d9ee4094d740622eeeb064252bfe60cf,d23103c14d5bc0cfcae7769ab3729c0f09a053eff537fe1f0c402640956651db,Sameness contains the conditions for its own reversal.,100200,7920,87120,158400,3.3,00:08:31.560,00:08:34.960,3.4,0.1
T081,T081.wav,am_michael,RAW_NATURAL_SPEED,1.0,b01-kokoro-full,999a42b9fd575865635373568e55fe266a0e3e62ef4e65921dc705f292309568,d67d2ecac5562335527c70bdf2641e8a50a109023cbc3147278f3a675bb86452,c072d6e00facbeae7a46fb1c2a3a2e2ee94a4cdc47761a1047731c01f729e88b,So why does everything look the same now?,76800,7680,63600,111840,2.33,00:08:36.560,00:08:39.685,3.125,0.795
T082,T082.wav,am_michael,SURGICAL_REWRITE,1.15,takes,d864ab002d30a0e7f8ca1416f525992fb8b6af535117a9c26f1ef0b45ec99381,5ecb8f5c24c7c9902bd4e6d13792b2dfb9bce471270753bdaaf0acb1d48a94d4,6b6518e06d079ab07bb9f944588b2414ba610f2015c7b4cd335a49388d9aa83e,"Not because everything is the same. Across these cases, design happens inside systems rewarding legibility, familiarity, adaptability, and measurable performance.",273000,6960,263760,513600,10.7,00:08:39.685,00:08:50.800,11.115,0.415
T083,T083.wav,am_michael,ADAPTIVE_EXISTING,1.15,b01-kokoro-adaptive,151d4e1a6ca22f2ba1db8b174d0917d3ee9444998293520fff347937ffae1e92,694b48481f0ee53e3d555ff5193d0742b6633ee5c255012276e2e3b0a7131a2b,8180c5c8b88a3d292015cfabb63117a69f14731139ccdd5a3c578d46e5c2b511,"Those pressures are real. They can help products function, interfaces remain usable, buildings get approved, and brands operate at scale.",213600,7200,200640,386880,8.06,00:08:51.384,00:08:59.660,8.276,0.216
T084,T084.wav,am_michael,RAW_NATURAL_SPEED,1.0,b01-kokoro-full,6ee6d24203039ab66e15d195e492cd835123f2c6954394e0877df85437557242,bb48a357ce351d3da061847fb1ff2c27d6047bcb7b31bd092c5bb20ebb3a9d2b,125e5635a29e70a057cbf1b2feefee15bd88594a2d0447568a2cb995851513bf,The problem begins when a useful constraint is mistaken for an aesthetic commandment.,144000,7680,129600,243840,5.08,00:09:00.244,00:09:05.458,5.214,0.134
T085,T085.wav,am_michael,RAW_NATURAL_SPEED,1.0,b01-kokoro-full,4ecfa90287035b2b366a8b80152fb87d51eb76b39a48646a6d7f80c1a320a1ff,1fe7f4f916df7c4adca6e011deb30da0dfbe507906a444c5c0db1acb1489daf0,44f345a959cd0ab36933c4ea1da10677cb1e1d6d346ef15fa0d1341762d049c3,When “easy to recognize” becomes “must look familiar.” When “adaptable” becomes “without local character.” When “low risk” becomes “without a point of view.” The world does not have to become identical for difference to become harder to defend.,394200,8400,378480,740160,15.42,00:09:05.458,00:09:21.932,16.474,1.054
T086,T086.wav,am_michael,RAW_NATURAL_SPEED,1.0,b01-kokoro-full,6e80d210677627681c1822e97d0b3810e753071396e379fecf1c7e12751d5ba1,c08bb07ed59745fc654ba7d4911a893460feb1de73c190b1806e9c303ff40831,a9e0a67c4bb8a31078e4b66edbbb2918ed89128d95cec393b2e0f87dc895a1c1,And perhaps that is the hidden cost of frictionless design.,106200,7920,91680,167520,3.49,00:09:22.517,00:09:26.800,4.283,0.793
T087,T087.wav,am_michael,RAW_NATURAL_SPEED,1.0,b01-kokoro-full,d0c27d85362611697eafb789a469c9cb0eaab3783c3f1f6fa053789e87df5180,57e008e578d710fc7e42e961c7961fbdbb0b3039124d8a157b271c8804ebc2f3,1774d943e2b01b7a051ccef64d110e9e875ed82e74d12745a579cc03d39882f8,We notice fewer bad surprises—but also fewer good ones.,111600,7920,101040,186240,3.88,00:09:26.800,00:09:30.793,3.993,0.113
T088,T088.wav,am_michael,EDITORIAL_BOUNDARY_TRANSFER,1.15,takes,73a8de1c050850f133668f74ba54c4e85191ebd4f6b36b0d58d7f93369e2cf4e,c2e8133cec0ea150370d27e212a481fe90d587cdadd3f441a8387717e6a4b29e,9ebaccb7a76f61d0d256bb65af48ac91e4b45317b794f86cf59d8305359d8e04,"Personality requires an argument. It may cost more, divide opinion, age badly, or fail.",162000,6000,149040,286080,5.96,00:09:31.377,00:09:37.437,6.06,0.1
T089,T089.wav,am_michael,RAW_NATURAL_SPEED,1.0,b01-kokoro-full,c221dd60e4647368310df8371922c3244268bdfd53cc9f559bec7c56165a5dcf,e3deb4eb5e9ed1973913da79cd139bdd6883983ff9b418b2ed6e2467247d3056,265c3d062b7f917a9e96ecffdb6ded9d3b5a362043b4c2d5298954fb1928b6ec,Many distinctive things began as choices that could not be defended by saying: everyone else is doing it.,182400,8400,168960,321120,6.69,00:09:37.437,00:09:44.619,7.182,0.492
T090,T090.wav,am_michael,RAW_NATURAL_SPEED,1.0,b01-kokoro-full,18ac6d2596c6aa87edb125c687f851604c0324b366f1f2f6e72e573428490f38,9a6501d08dd7776c03f5df433aeabc1d9b1e6bbb044e7293e706bf4dc8b01696,405c65da33de24a77964531c4abe3362730a7475d433f21c169872ff7c9c2129,"Sameness is rarely imposed all at once. It accumulates, one reasonable decision at a time.",175200,7680,160560,305760,6.37,00:09:45.203,00:09:51.673,6.47,0.1
T091,T091.wav,am_michael,RAW_NATURAL_SPEED,1.0,b01-kokoro-full,0c97a8c689cff9ce80001a1cede8af391c289c6b29136ba4804d9d7518734b0f,4b3071e813692493dabc5b9e224ef7cf6010aa6a299d221fabea4700e6c70f91,693492e8e883ec7206ec57d4213f0159488e3838642e271164bc791e98470e9e,And difference returns the same way: one defensible exception at a time.,136800,7680,122160,228960,4.77,00:09:51.994,00:09:56.960,4.966,0.196
