take_id,filename,sequence,cue_first,cue_last,word_count,text_sha256,source_class,selected_speed,source_sha256,start,end,window_seconds
T001,T001.wav,S1,1,1,14,82abc0d6771631c0d0aa0f3e9967c3b2702cc395cc88e3bde24419a79b180c96,RAW_NATURAL_SPEED,1.0,78ae77d4ce35078ab7345198f3ec057e1c70c14906f00cc8d279a4efd9ba0c76,00:00:00.000,00:00:07.000,7.000
T002,T002.wav,S1,2,2,8,efc829ca5d505d1879035e015e3b39a5ba60dc911c5860edaef0739a634c2742,RAW_NATURAL_SPEED,1.0,738581861e8d8391ebb219d34b5c7bb6b570c0614dc9897947fbed883265bb33,00:00:07.000,00:00:11.161,4.161
T003,T003.wav,S1,3,3,9,2e94a274952b19e02f4ebc0f3cabfa3278547e27cda24080ae7dbac1b49e8070,RAW_NATURAL_SPEED,1.0,af7cc36213db9639c64bbdbd5b431d7a80a5992fda432a136328cd0fef9ff34c,00:00:11.161,00:00:16.000,4.839
T004,T004.wav,S1,4,5,15,31f97b6b8fda0ee9a7377450e80fd2235d7c2a17feef7fd20e42ff8fc74ccfe2,RAW_NATURAL_SPEED,1.0,42ec69a4d041ee0a6bb1bf6eb65ab5cfe3476a5e6c2858abac1b65ab37912982,00:00:16.000,00:00:23.000,7.000
T005,T005.wav,S1,6,6,13,abf6564adfbaa19e52c3d64cd974e2767434ed2e35052fbad29f8468ee525133,RAW_NATURAL_SPEED,1.0,c12961ad89685d9be0eb5c883130181887a66774274082ca9b8676160b0738f5,00:00:23.000,00:00:30.000,7.000
T006,T006.wav,S1,7,7,9,e4585a46ec5b1df0f18658c127930d93c7a79f4429a3a165cc18a31fd23f07de,RAW_NATURAL_SPEED,1.0,36733412880c9f815306b80a1c51a4cc8da2d8e9d606f685a1fec60526dfc68b,00:00:30.000,00:00:34.087,4.087
T007,T007.wav,S1,8,9,9,5829d0fdf17efd461800d17e2e012b93995abbbbee2c8f33994b6c0ab71ea2ec,ADAPTIVE_EXISTING,1.15,942bad667934b510d71ece22e47fd89c5b36ce353990667f04edf66755916940,00:00:34.087,00:00:38.000,3.913
T008,T008.wav,S1,10,10,8,0c864051f4c80f67826666bf533303f675e433c2d1c6d4f9a5c23a98ce93e5c5,RAW_NATURAL_SPEED,1.0,582390ea88e63523fbf9ba4383a98924a5e7d6224e7fb8ba9651bc008d187064,00:00:38.000,00:00:41.478,3.478
T009,T009.wav,S1,11,11,9,cd78e529fe7490c53cdb18b0ab9d4eb28e40e83427e5e1d77c3af3c04244271b,RAW_NATURAL_SPEED,1.0,773964b953bf160cfbbaae1bbaec81ec6ea95d946e351017f9ab6bbc75d67adf,00:00:41.478,00:00:46.000,4.522
T010,T010.wav,S1,12,12,12,8e3fd0e981dfc206199b46fc13aa9ed78a59b2f2bbec376579807cb933686249,RAW_NATURAL_SPEED,1.0,333f0a52cfccd34c9b87f7a09f9a69bbff3b1b561c0a3b7c0f487f87873787e6,00:00:46.000,00:00:54.000,8.000
T011,T011.wav,S1,13,14,14,7cf01a1050ca660ffc0131fb861f88f235cccf16ead3e5504129d66a54c2fdf0,RAW_NATURAL_SPEED,1.0,ef9e746f11b58eb0355083613da6e4d06c2293f95fc08a56073311c7e566ce2b,00:00:54.000,00:01:04.000,10.000
T012,T012.wav,S2,15,15,9,27429cb3a0b110048b05a499ea927765838f2198becfce6c10b36d570ece4cd7,RAW_NATURAL_SPEED,1.0,e6f0704f19af9aeaa5275e91a85e2d3019b49fbf683e48a3358de6a9673efbcf,00:01:04.000,00:01:11.500,7.500
T013,T013.wav,S2,16,16,12,70b421e5ba27c3086c871f2f5712383399806330d7599c133cf13fcd26c063e0,RAW_NATURAL_SPEED,1.0,3a1af7e3ab99fcb6fdb35e5f18c30ee811d6e1549bfc69ba705aae16f55e1f07,00:01:11.500,00:01:21.000,9.500
T014,T014.wav,S2,17,18,14,0ecdccbef533e00b1a8a7e0531c5e06a6be026ac128b88281749ddc772f6d75a,RAW_NATURAL_SPEED,1.0,5531fc22b0784c313745b5d386ca7b76514c349597c28d8446a0e711a9e08d59,00:01:21.000,00:01:27.000,6.000
T015,T015.wav,S2,19,20,12,0da8b1681d0b1e1d86eb8058c7de9e6645f74c715b25adabed7da601077b19c6,RAW_NATURAL_SPEED,1.0,0012af485cd9f6ac8fcd2ba4b9076d0a162cfe95fa46a1942248a15a7c55849a,00:01:27.000,00:01:36.000,9.000
T016,T016.wav,S2,21,21,9,f68dd9d95471d2bd85eeeab7df942668d500db0a298817e1d7102f15d66dbc4b,RAW_NATURAL_SPEED,1.0,0b3c1c3ae44b6066ecec1f5705c5d678fc0e2bc705849897a197b141b32aa704,00:01:36.000,00:01:41.000,5.000
T017,T017.wav,S2,22,23,11,652daae0891541ccd6913c329e03377dbd055556753c36f25b6eed8b5d5510d8,RAW_NATURAL_SPEED,1.0,82e74241949365e08ea57069906d00881377cf87483b971cba202f091bffe7e6,00:01:41.000,00:01:51.000,10.000
T018,T018.wav,S2,24,26,14,4841cb69bf06368861e590502a1cf63ffe6ed957fcc673b7f9241fd8236ab064,RAW_NATURAL_SPEED,1.0,9d09d0302c34abe3facf4d690b1e10c065aac6c83591fdeb8cad0d293c6a6f65,00:01:51.000,00:02:02.000,11.000
T019,T019.wav,S2,27,28,10,da7d650df3901d9ff4f902e4679d7eabccd7bf7c46ed0f03843e725a44267bfb,RAW_NATURAL_SPEED,1.0,635012dfd5a5c60d66ee6dabb596c7a0d15ff2241f816baf8255c907ed48ff45,00:02:02.000,00:02:09.000,7.000
T020,T020.wav,S2,29,30,9,ed61cf91f346a3d2311c391317227c32dd28a793cbc957d7ebbf4d143f85f5a8,RAW_NATURAL_SPEED,1.0,666a4894f85084cc60fcfb22ec46f372037bc340294fae34dc7e0871b60d3e17,00:02:09.000,00:02:13.535,4.535
T021,T021.wav,S2,31,31,8,ba9fe1ea31e67d0d033d3c4deec20b6200cb1967936f193b6142448300d3cded,RAW_NATURAL_SPEED,1.0,d95536e1fbb09cdc5736fcbbddcf6c9c4bd15569638440cc1e1b8882a2ff2ddd,00:02:13.535,00:02:17.000,3.465
T022,T022.wav,S2,32,32,10,9457174d5e993c706d0eb4cf127d6435f649b56c570016733aeecbbd78524d1b,RAW_NATURAL_SPEED,1.0,ccf5ee399bc28cc29276826448b6f8dca0d3b54f50da88f90d8464da77294b20,00:02:17.000,00:02:22.000,5.000
T023,T023.wav,S3,33,33,9,76ebeceba6d9cc7bf6a07ea4d5faa3fa38d4863dab1ef88b03a827ea44e324f0,SURGICAL_REWRITE,1.09,ec498dad53e08af2378abd7f21571a26cc2d12ec8f087277a082c842ca8aa15b,00:02:22.547,00:02:26.855,4.308
T024,T024.wav,S3,34,35,12,a01aa891959d52fbeb01009effa13c97a955eabf39d9200fed89ca990919fb50,RAW_NATURAL_SPEED,1.0,de6015d429b02448a7e640e69a02bc6409115f5e1c33b1142ba28ec43e54bb8c,00:02:27.863,00:02:32.983,5.120
T025,T025.wav,S3,36,37,15,6bd9f52ff19460ca908fe45959654e44c1696958ffaca69f1c4496ce5a64216b,SURGICAL_REWRITE,1.03,1f92f6a81b0c86b9ac937218852d85cf6bb0956e7a1548817a1ba1b2f107dd49,00:02:32.983,00:02:41.350,8.367
T026,T026.wav,S3,38,38,8,d197fe2ddf54ded82a6b92d2fed935af313175c3d24847587306e876f0230185,ADAPTIVE_EXISTING,1.15,73e4450b04f7181e1d5ed39aead7e88113074aeef46c6523e7b997eac4c2bc60,00:02:45.323,00:02:48.576,3.253
T027,T027.wav,S3,39,40,9,1c5a155d0cf21b15107e08561f69cd901a6455253bc1c46052cca798ec878b98,SURGICAL_REWRITE,1.0,aeba84614c069749e150f54cb02c9d0ab6b91ad6ee4a28c7c07ba1a47fc3bd1a,00:02:48.576,00:02:53.675,5.099
T028,T028.wav,S3,41,41,9,b992ca7980544539d55f77ab266f0516f7aa61c8ad5ef51a870624269a5dc1ee,RAW_NATURAL_SPEED,1.0,d9cbafc3cf17e3bf9dea3bc0bcf56e0e1036ea6df25bea00c947000c33233f11,00:02:55.271,00:02:59.501,4.230
T029,T029.wav,S3,42,42,10,71b4bae8dd94f8c5e457ae98af15c31b100d82e9231d440d11511c895b762259,RAW_NATURAL_SPEED,1.0,d8e9ae2c91669e2dd9059af203a6bb9ba3bba476cb1f08ff6a5dad13731b3b63,00:03:00.592,00:03:04.720,4.128
T030,T030.wav,S3,43,44,11,d2d84600a03d59b55aad85d781670d8baa33959241341833f69c1437950dcf4d,ADAPTIVE_EXISTING,1.15,27a631443e1d2973b1f89b67abb32c3176751776d443db9b552423ddfb0d6141,00:03:04.720,00:03:10.090,5.370
T031,T031.wav,S3,45,45,13,efeb0430fd2f9e3f5ed2e1ae7308d44e6f80258695e64322fe681556042c812d,RAW_NATURAL_SPEED,1.0,39509a5439e951ab1799196778e3e816bd34f15635653a20f0324d52b1a556bb,00:03:10.090,00:03:15.340,5.250
T032,T032.wav,S3,46,47,11,34ec5bbc620cf3d4069cbdd1cd8782ba7c6ea2bcde7be96396725db39fe4f2a7,RAW_NATURAL_SPEED,1.0,07c0c5fc29626414ed0f9e20d1e53533b6cd7abd474c928f84199934a9703699,00:03:17.919,00:03:23.815,5.896
T033,T033.wav,S3,48,48,8,13bf5a64cb955ed1fb7659584cd95d737ba4065c19bdbe14095bfbed136df2f2,RAW_NATURAL_SPEED,1.0,b15be2b6f168f30f68370b75d98dd277f6452281717e147e7f11d59d349362c7,00:03:25.621,00:03:28.603,2.982
T034,T034.wav,S4,49,49,10,cc7889e52a04cde8f0e3adc97b55a92ff0cda402b9f66bf585e91807b168c586,RAW_NATURAL_SPEED,1.0,60a65387d68a06efd5e12e22471714ca4ee3163eb99a30e8b52f760c8583b6d8,00:03:30.640,00:03:34.445,3.805
T035,T035.wav,S4,50,52,32,51ec0f4de87909bfacf2f887820831f53ce945976c04923e4dc30dafdcea5ff5,RAW_NATURAL_SPEED,1.0,2d2c9a6d376a799bb3c95fe7e570fa074f32d8668a9cae05a71c8d11403a88c9,00:03:35.656,00:03:48.729,13.073
T036,T036.wav,S4,53,54,12,34d0546aff1a63f1786441a238331620efb000905db7e6cd4c165a7300e6dc20,RAW_NATURAL_SPEED,1.0,a53cdc6d7b3603499a8b7c3a3490757d3815734113dc4251aeaff2d5d6f8f88b,00:03:50.569,00:03:55.483,4.914
T037,T037.wav,S4,55,56,12,c1ec93b65b46ce9e6b59e0481cd0d1febe455da76f630d1c5088bd38fd357cdb,SURGICAL_REWRITE,1.15,79685225a75cb57413e4c3e026b12e2c511988e7696430f07d7844814787d666,00:03:55.483,00:04:01.618,6.135
T038,T038.wav,S4,57,58,10,1494b633063cc52080a636791c4de07c574f8220e98b01c7908c3f62e6ee4a9b,ADAPTIVE_EXISTING,1.15,ea17ccdfb16dfe968d791d9efc2054dd0fc241978381ef0b28421057f9f49fd5,00:04:03.120,00:04:08.000,4.880
T039,T039.wav,S4,59,60,9,16ce89df7dfa09d93a61423de39ddd64683ab58b6848e557cb96ffb0e9f90ada,ADAPTIVE_EXISTING,1.15,f63d562ca1796b4a1c2b6a6f698acd304efd4d32f6b123b03e98896c506506fc,00:04:08.000,00:04:11.722,3.722
T040,T040.wav,S4,61,62,9,89cb874c08f75ce7ff8aeff15a41bc07f68bb0a06706e825f412deca91393c1b,ADAPTIVE_EXISTING,1.15,56159a82495e1c6bc92d243f183b962a1c29d1b817b5419273cfd3ad970c1108,00:04:11.722,00:04:15.473,3.751
T041,T041.wav,S4,63,65,15,5e45cc6ca571cebc4ec0b1532a98f17fd1be1e9c7077609a232f5a719d14f1a6,SURGICAL_REWRITE,1.09,e1d76d48efb952c07de4b45ad9efb8e778340c62c0c4c8811dd7c1ab563485db,00:04:16.979,00:04:23.940,6.961
T042,T042.wav,S4,66,66,10,eca35ecd720596b3c6b9245bba9241ee11df832b9b180b26204a19ce08d08a7e,ADAPTIVE_EXISTING,1.15,ec329ff1bcf09215a4887855c1abdba18f7a9ec6b45451651bc7ed101a3e6f03,00:04:23.940,00:04:28.912,4.972
T043,T043.wav,S4,67,70,31,acd3e9e1a948575396b87db2f4383425c1cfbd1395cac6049638364a2264620a,ADAPTIVE_EXISTING,1.15,2c9c60cf9559fc9160ecc6149b2cbac6190134261b6f2779ca37a68a5ff32820,00:04:30.597,00:04:43.759,13.162
T044,T044.wav,S5,71,72,14,6c39e14f2a0ece1e424f2748658596101562c55035fe7d253973ac3c08fa1e5b,ADAPTIVE_EXISTING,1.15,b68786462a8d87ed8bd2ecff23687110540ad48aa70611f6f23c8a9949418b66,00:04:45.800,00:04:52.716,6.916
T045,T045.wav,S5,73,74,11,35ed20685d756ecc6976d75cf44ae63f0c214c79d941b469f10e89eb50703b18,SURGICAL_REWRITE,1.12,a89011a06bf7d3591e8136d1d21472f6707eff518c700ffe63980e4eab9fad4d,00:04:52.716,00:04:59.476,6.760
T046,T046.wav,S5,75,75,11,3ba27a714b1091dd7d77fcb5c7be17b00b159fcc65381e91f49eea8480f17b87,RAW_NATURAL_SPEED,1.0,f5ab7a88212e7bd04a36f39a1cddd65edf455c298a3fe6af7c2f2fc86ee04e45,00:04:59.476,00:05:04.124,4.648
T047,T047.wav,S5,76,78,28,03dd21ccd2fede73ec45e6ad698e6e46a5190a90848cdd5bcff973810d63b30b,RAW_NATURAL_SPEED,1.0,49033c7fc765f77afe327e9c2dcfb7e560f67c8786bb693d1790d47c36eb204e,00:05:04.124,00:05:15.955,11.831
T048,T048.wav,S5,79,79,11,ccc8255f16e97b53fc0043506c3005f7e44dff94c52a6ace11d9931a8f3339e6,RAW_NATURAL_SPEED,1.0,b59ee18afc204bd8972b68dc85afec065c1318a0113a2baa778d1ff6d63b96be,00:05:17.195,00:05:21.843,4.648
T049,T049.wav,S5,80,81,11,5cf58baf497c1090d4043f6a9f1f58da9207231a1d780a0abe0df8afefed7142,SURGICAL_REWRITE,1.0,73ded8cbc90660cfd6e8b54ef160321e10125163e0466173cac6269b5e812671,00:05:21.843,00:05:28.496,6.653
T050,T050.wav,S5,82,82,11,69f169281dae5f89c2252f35db56476c48a61f3452af4d21dede907105f2da34,RAW_NATURAL_SPEED,1.0,9a90e16d19b0e2a2010525967349574f54fca8578852d0947f6e381726f16967,00:05:28.576,00:05:33.224,4.648
T051,T051.wav,S5,83,83,9,2f1e97fa4617e6b31aec0f5d7dfef1e15658e53230991102164956db5bd5e1b4,RAW_NATURAL_SPEED,1.0,9bc19c51faac88dfc71626a550e8817925df13c9fa41a0052240daf726133ee4,00:05:34.465,00:05:38.267,3.802
T052,T052.wav,S5,84,85,14,5184b4bbbbedfd598bc440e7213db49a9dc6cb2ab1472af6fa13f9908cada04c,SURGICAL_REWRITE,1.15,13e5c116dea712e5eae82184969dd1d0333f13916be6d80641b59b3f9c7fc7d5,00:05:38.267,00:05:45.519,7.252
T053,T053.wav,S5,86,86,11,18639c9d423143b80a24de59a530451c30b98a37e157bd3c1a2eea4e2b06c881,RAW_NATURAL_SPEED,1.0,6ba2664a0169c175011a98209190fdbd08911c7a5f500a60daccd33f05173b56,00:05:46.046,00:05:50.916,4.870
T054,T054.wav,S5,87,89,15,b9c052f0329435b625f599c2ac1db28ccc333236ab6344c8fcc1d695b741e1bc,RAW_NATURAL_SPEED,1.0,e1f8ea4b9546d6ac716643e7fb14eec524d31184bf9d2bb3f41297cfefb41a39,00:05:51.366,00:05:59.036,7.670
T055,T055.wav,S5,90,90,10,554abe1e7ac5ec77f88838ae02846b13f65d9088d8b59e2a245e94ae6fdece11,RAW_NATURAL_SPEED,1.0,0f3ccd3584bffa92708ff9e7b7bf8e82d87fe883d18b92b9baafbe5af3076ec3,00:05:59.735,00:06:03.960,4.225
T056,T056.wav,S6,91,92,13,90634779e80512ac26b5277965c218f09612a6e1ced2c4d7a84cb04742bbed71,RAW_NATURAL_SPEED,1.0,591e996358807f8e16dec6c16d11e5dd73bcfbb1d1ed7aa674e8ffa93824562d,00:06:05.560,00:06:11.053,5.493
T057,T057.wav,S6,93,93,8,4fe91b7884882bf38891d8dcdf58fca7b96be314595774e9e095206f2ec7e680,RAW_NATURAL_SPEED,1.0,4318ff1f2e8586899d1c4227322f5556021c07dea3dc9de90c7b08afb7d6a7c6,00:06:11.639,00:06:14.719,3.080
T058,T058.wav,S6,94,95,11,fe9a9d78fead02136563bc08796d8c7ffbaec6be8f1b9567a8b86931eac2b95c,SURGICAL_REWRITE,1.15,b1b885d92357824bd46d2fe46dfbcaf7667a0d546fcff9a6c007f70b2ab1cbe4,00:06:14.719,00:06:19.773,5.054
T059,T059.wav,S6,96,96,9,fe92a6503d4e0cdb7b83fcdca09184daf9207175123265e03634ac293ff4333a,ADAPTIVE_EXISTING,1.15,40e633aba92af19a0a6ab70305d7073c7e4ca0e176f409d08b1fec1a749cde58,00:06:19.773,00:06:23.472,3.699
T060,T060.wav,S6,97,97,9,0445cb7fbb6aa22b5ed28ae3c42c367b802b51198b6c1a8bf57dbad04158f74c,ADAPTIVE_EXISTING,1.15,7038ac47c5b7fffedfcc34dca3cbc4e32c5011d8ba2341057fd09497c0392b12,00:06:23.472,00:06:27.725,4.253
T061,T061.wav,S6,98,99,11,91d5f36d472a62050acaae9ff8997353b4378e0099f5fbdd54900f98b7a44b19,EDITORIAL_BOUNDARY_TRANSFER,1.15,5c38ec2d4e69d938c7f3b3f4e12cebc0011d96460e2572636900126525320155,00:06:27.725,00:06:32.145,4.420
T062,T062.wav,S6,100,102,10,20fbf8abbc0513d9fc6a16a254c9f2550cdf191726b5f1c0a17b697a2c503234,SURGICAL_REWRITE,1.0,ac05087eb0ac56ab2c010157aed05e0d578c5916a493c641e420f1534a6b6c01,00:06:32.145,00:06:40.300,8.155
T063,T063.wav,S6,103,104,10,fc7b4b8bed03afed05a95aea04ec78881aacd5a59b137475ab692f23821f6741,SURGICAL_REWRITE,1.12,d7509b920ae4672aaecc21d7017aeec9520ca066a3c445fe9617b4531c68ea97,00:06:40.300,00:06:45.170,4.870
T064,T064.wav,S6,105,110,33,278d313ba4f440720f15f23082041f3053c075a8fcf64bc16a14eba24b97921d,SURGICAL_REWRITE,1.0,981e5405392ee71b63c997de967d4f55d46ba2ea74b90c516de31b0f9265e959,00:06:45.170,00:07:01.689,16.519
T065,T065.wav,S6,111,111,7,09e16ff15565607dc505f11fe816cbdb86ded9dc78cd40567f21414166192df5,SURGICAL_REWRITE,1.09,14edd8da9159a3c02e12571b43efc0869ccb17aa19a1e93e36787f08abd8d82c,00:07:01.689,00:07:04.525,2.836
T066,T066.wav,S6,112,113,14,3e3466c541bd91c28b835c516b75ce0174afe161e7a8c8a7de66be6086952902,RAW_NATURAL_SPEED,1.0,f8760b1f6681f92f03f49d49dda82202098f19dc04b8061c1272c24eda404f2c,00:07:05.891,00:07:11.871,5.980
T067,T067.wav,S6,114,115,14,76e9a3316e5af7868dd34b15b99be8d0db90a5630b29b0a82e04249628433361,RAW_NATURAL_SPEED,1.0,ba9d0335d41c49f0952f5935322944c3507bedca692a075b825de2df463265b8,00:07:13.045,00:07:18.960,5.915
T068,T068.wav,S7,116,116,8,bc550b6fda07cc9a13f2f102567eba845a3138152eac1638c52a9a525587471a,RAW_NATURAL_SPEED,1.0,ab57d1d36e944deea5637b8704ab9cf69428c89ca9e687f2b9186613715bc511,00:07:20.560,00:07:23.940,3.380
T069,T069.wav,S7,117,118,14,929ddb16351ad670bfe556b39a1cb916ae085058f389b2ea115e2defa159855d,ADAPTIVE_EXISTING,1.15,1f819105693980044b7dd35f5e0d03cbdf1788ad09000725bdd2df640db478fe,00:07:24.790,00:07:31.189,6.399
T070,T070.wav,S7,119,121,19,390ba2684f343121db234e078b518bff6bb2e2b85e0112de5ab4b655614eb8ad,RAW_NATURAL_SPEED,1.0,fd48a9f5e582f712b12d48cc1d135ced8eed22418d935396b862a9a220ec4418,00:07:31.189,00:07:40.027,8.838
T071,T071.wav,S7,122,124,20,0216b8a60ad9c5fca73e24fa5a6ce35a0f2d05bce6d81545465b1ef0c6ff4f7b,RAW_NATURAL_SPEED,1.0,fca361211df87ad8c7f33d306cea39ec1744e97e598cfaea5d4a530d6b9a3d32,00:07:40.027,00:07:49.174,9.147
T072,T072.wav,S7,125,127,10,e48ed10f9d167d772a71b44147e1ba804b14cd76de86d4f950c97e0b03c10982,RAW_NATURAL_SPEED,1.0,72473b0d32f3667cf70a86384e11a37499b6b7ef4468ef3f3f4ff0f09cc57ff8,00:07:49.174,00:07:53.957,4.783
T073,T073.wav,S7,128,129,13,3ab6b0dc41be39c00ad6c1b12c8fbfd97de3e0ab624cd352db20dd021b828143,ADAPTIVE_EXISTING,1.15,9f558aec931324b2ef39472da140b8c74639421833f81eeebc0cf20e4507c9fc,00:07:54.806,00:08:00.299,5.493
T074,T074.wav,S7,130,130,10,dbc6885c40976bea99e18070c13a5ab5c7006aeb4c6524a3e001d515b32f867a,EDITORIAL_BOUNDARY_TRANSFER,1.15,4bce48087df7cbac64983c6646b3f2c0ae0c3a1de66d5e7c226c913a1e85e95f,00:08:01.149,00:08:04.979,3.830
T075,T075.wav,S7,131,131,10,9a2fd0b733be41f2298c0546637bac25d2fa211af4576b8d427c237f1cbaa73e,ADAPTIVE_EXISTING,1.15,25290f9b9dafc73e6a333daa50e7f52748fc8ae0c64de302e49bbfa32ca3313a,00:08:04.979,00:08:08.945,3.966
T076,T076.wav,S7,132,133,15,2058e52abf4665ec6d88d9644fde212ff5bd9595cbb048153e28599f9ffb267d,ADAPTIVE_EXISTING,1.15,d65f6c5db024d4b4c253a994223af2fcdc5c05b94567a6513783be1d7fe8fa3a,00:08:08.945,00:08:15.937,6.992
T077,T077.wav,S7,134,135,13,82da20a91823e42996dbb405be6b2fbd049554e7dcc48e92ef48020d1c569d22,RAW_NATURAL_SPEED,1.0,c77438b4ad4417a43725e297e2f6b15dffd0346a1e15c54a02346f1047332594,00:08:16.787,00:08:21.970,5.183
T078,T078.wav,S7,136,136,8,3c44f0c5dcc0f77dd23247c513874b77409a9d8f049d1e45af14025c32f2d101,RAW_NATURAL_SPEED,1.0,1e2c419fdf285e2cf618c82cd097a2fad0bc9ec87a98ddaca9b7166634265ca1,00:08:21.970,00:08:25.255,3.285
T079,T079.wav,S7,137,137,12,84ccc357433b9029f3d2112957909360bb834cc4f214a6231eda6469f4ed9900,RAW_NATURAL_SPEED,1.0,98d150655152d31b2dfcb7eafcfa406798f8f174e2916ca9c7ebc32333fc3e09,00:08:25.255,00:08:30.730,5.475
T080,T080.wav,S7,138,138,8,d23103c14d5bc0cfcae7769ab3729c0f09a053eff537fe1f0c402640956651db,RAW_NATURAL_SPEED,1.0,42cf4490e601b90a9d6b07e89e9d158c0374a4388ad82bde59dc5b554eed179c,00:08:31.560,00:08:34.960,3.400
T081,T081.wav,S8,139,139,8,c072d6e00facbeae7a46fb1c2a3a2e2ee94a4cdc47761a1047731c01f729e88b,RAW_NATURAL_SPEED,1.0,999a42b9fd575865635373568e55fe266a0e3e62ef4e65921dc705f292309568,00:08:36.560,00:08:39.685,3.125
T082,T082.wav,S8,140,142,20,6b6518e06d079ab07bb9f944588b2414ba610f2015c7b4cd335a49388d9aa83e,SURGICAL_REWRITE,1.15,d864ab002d30a0e7f8ca1416f525992fb8b6af535117a9c26f1ef0b45ec99381,00:08:39.685,00:08:50.800,11.115
T083,T083.wav,S8,143,145,20,8180c5c8b88a3d292015cfabb63117a69f14731139ccdd5a3c578d46e5c2b511,ADAPTIVE_EXISTING,1.15,151d4e1a6ca22f2ba1db8b174d0917d3ee9444998293520fff347937ffae1e92,00:08:51.384,00:08:59.660,8.276
T084,T084.wav,S8,146,147,13,125e5635a29e70a057cbf1b2feefee15bd88594a2d0447568a2cb995851513bf,RAW_NATURAL_SPEED,1.0,6ee6d24203039ab66e15d195e492cd835123f2c6954394e0877df85437557242,00:09:00.244,00:09:05.458,5.214
T085,T085.wav,S8,148,151,38,44f345a959cd0ab36933c4ea1da10677cb1e1d6d346ef15fa0d1341762d049c3,RAW_NATURAL_SPEED,1.0,4ecfa90287035b2b366a8b80152fb87d51eb76b39a48646a6d7f80c1a320a1ff,00:09:05.458,00:09:21.932,16.474
T086,T086.wav,S8,152,152,10,a9e0a67c4bb8a31078e4b66edbbb2918ed89128d95cec393b2e0f87dc895a1c1,RAW_NATURAL_SPEED,1.0,6e80d210677627681c1822e97d0b3810e753071396e379fecf1c7e12751d5ba1,00:09:22.517,00:09:26.800,4.283
T087,T087.wav,S8,153,153,10,1774d943e2b01b7a051ccef64d110e9e875ed82e74d12745a579cc03d39882f8,RAW_NATURAL_SPEED,1.0,d0c27d85362611697eafb789a469c9cb0eaab3783c3f1f6fa053789e87df5180,00:09:26.800,00:09:30.793,3.993
T088,T088.wav,S8,154,155,14,9ebaccb7a76f61d0d256bb65af48ac91e4b45317b794f86cf59d8305359d8e04,EDITORIAL_BOUNDARY_TRANSFER,1.15,73a8de1c050850f133668f74ba54c4e85191ebd4f6b36b0d58d7f93369e2cf4e,00:09:31.377,00:09:37.437,6.060
T089,T089.wav,S8,156,157,18,265c3d062b7f917a9e96ecffdb6ded9d3b5a362043b4c2d5298954fb1928b6ec,RAW_NATURAL_SPEED,1.0,c221dd60e4647368310df8371922c3244268bdfd53cc9f559bec7c56165a5dcf,00:09:37.437,00:09:44.619,7.182
T090,T090.wav,S8,158,159,15,405c65da33de24a77964531c4abe3362730a7475d433f21c169872ff7c9c2129,RAW_NATURAL_SPEED,1.0,18ac6d2596c6aa87edb125c687f851604c0324b366f1f2f6e72e573428490f38,00:09:45.203,00:09:51.673,6.470
T091,T091.wav,S8,160,161,12,693492e8e883ec7206ec57d4213f0159488e3838642e271164bc791e98470e9e,RAW_NATURAL_SPEED,1.0,0c97a8c689cff9ce80001a1cede8af391c289c6b29136ba4804d9d7518734b0f,00:09:51.994,00:09:56.960,4.966
