take,chapter,start,end,slot_seconds,raw_duration,raw_leading_silence,raw_trailing_silence,raw_safe_duration,raw_overflow,raw_safe_demand,raw_from_before,raw_from_after,raw_residual,adaptive_speed,adaptive_duration,adaptive_safe_duration,adaptive_safe_demand,adaptive_from_before,adaptive_from_after,adaptive_residual,recommended_remedy,residual_seconds,raw_sha256,adaptive_sha256,text
T001,S1 — The feeling of sameness,0.0,7.0,7.0,5.65,0.42,0.65,4.78,0.0,0.0,0.0,0.0,0.0,1.0,5.65,4.78,0.0,0.0,0.0,0.0,SAFE_TRIM_PLUS_UNIQUE_SILENCE_AT_1_00,0.0,78ae77d4ce35078ab7345198f3ec057e1c70c14906f00cc8d279a4efd9ba0c76,975ae5f3e0f6ed0045adb22f7590554244dac710a9906a87ba69ce048a4a7b76,Walk through almost any new part of a city and something feels strangely familiar.
T002,S1 — The feeling of sameness,7.0,11.161,4.161,3.2,0.39,0.65,2.36,0.0,0.0,0.0,0.0,0.0,1.0,3.2,2.36,0.0,0.0,0.0,0.0,SAFE_TRIM_PLUS_UNIQUE_SILENCE_AT_1_00,0.0,738581861e8d8391ebb219d34b5c7bb6b570c0614dc9897947fbed883265bb33,fb1b275036b3368215a1257339d7f97e682bcf66990b1deb18f1930a05db52b9,The cars arrive in the same narrow palette.
T003,S1 — The feeling of sameness,11.161,16.0,4.839,4.05,0.39,0.7,3.16,0.0,0.0,0.0,0.0,0.0,1.0,4.05,3.16,0.0,0.0,0.0,0.0,SAFE_TRIM_PLUS_UNIQUE_SILENCE_AT_1_00,0.0,af7cc36213db9639c64bbdbd5b431d7a80a5992fda432a136328cd0fef9ff34c,6be43a2faad5bfa273a65af3c1b1ab689c268edb891d577143cd2bd117402af0,"The cafés share pale wood, black metal, and green."
T004,S1 — The feeling of sameness,16.0,23.0,7.0,7.625,0.41,0.695,6.72,0.625,0.0,0.0,0.0,0.0,1.15,6.95,6.14,0.0,0.0,0.0,0.0,SAFE_TRIM_PLUS_UNIQUE_SILENCE_AT_1_00,0.0,42ec69a4d041ee0a6bb1bf6eb65ab5cfe3476a5e6c2858abac1b65ab37912982,a8246101d9bba4258033b9d8a583145cdd36c86795363398d9c576dddb5a2be5,"Logos use clean letters. New apartment blocks repeat grids of glass, concrete, and muted cladding."
T005,S1 — The feeling of sameness,23.0,30.0,7.0,4.925,0.41,0.725,3.99,0.0,0.0,0.0,0.0,0.0,1.0,4.925,3.99,0.0,0.0,0.0,0.0,SAFE_TRIM_PLUS_UNIQUE_SILENCE_AT_1_00,0.0,c12961ad89685d9be0eb5c883130181887a66774274082ca9b8676160b0738f5,8f6aff903f3e39961661079fd5fba6ce16214e22fd16726212ae4a1de454ce3e,It can feel as if all of it came from one invisible catalog.
T006,S1 — The feeling of sameness,30.0,34.087,4.087,3.475,0.39,0.735,2.55,0.0,0.0,0.0,0.0,0.0,1.0,3.475,2.56,0.0,0.0,0.0,0.0,SAFE_TRIM_PLUS_UNIQUE_SILENCE_AT_1_00,0.0,36733412880c9f815306b80a1c51a4cc8da2d8e9d606f685a1fec60526dfc68b,72be3af4045f10025e47c64c20b9846e970065dcc186eb9e268cd8143851f2b4,But the world does not literally look the same.
T007,S1 — The feeling of sameness,34.087,38.0,3.913,4.725,0.39,0.675,3.86,0.812,0.047,0.0,0.0,0.047,1.15,4.3,3.54,0.0,0.0,0.0,0.0,SAFE_TRIM_PLUS_UNIQUE_SILENCE_AT_ADAPTIVE_SPEED,0.0,df7cfbe09dd7502199ecebf0d5983fdd8cb7a69bb7e08710658cd2f799ac5ca3,942bad667934b510d71ece22e47fd89c5b36ce353990667f04edf66755916940,Tokyo is not Lagos. Geneva is not Mexico City.
T008,S1 — The feeling of sameness,38.0,41.478,3.478,3.5,0.4,0.57,2.73,0.022,0.0,0.0,0.0,0.0,1.06,3.35,2.61,0.0,0.0,0.0,0.0,SAFE_TRIM_PLUS_UNIQUE_SILENCE_AT_1_00,0.0,582390ea88e63523fbf9ba4383a98924a5e7d6224e7fb8ba9651bc008d187064,61ee982e1af2bb8e80abd16b71d4f3f390c27ddbe0bd9813b91202097931ba88,A family shop is not a global franchise.
T009,S1 — The feeling of sameness,41.478,46.0,4.522,4.525,0.4,0.675,3.65,0.003,0.0,0.0,0.0,0.0,1.06,4.325,3.5,0.0,0.0,0.0,0.0,SAFE_TRIM_PLUS_UNIQUE_SILENCE_AT_1_00,0.0,773964b953bf160cfbbaae1bbaec81ec6ea95d946e351017f9ab6bbc75d67adf,6b48f284ca022f9a24ccc17d9cf6fe433140daa1b142fd543154f51ca90e2745,The past was never one continuous carnival of color.
T010,S1 — The feeling of sameness,46.0,54.0,8.0,5.475,0.4,0.675,4.6,0.0,0.0,0.0,0.0,0.0,1.0,5.475,4.6,0.0,0.0,0.0,0.0,SAFE_TRIM_PLUS_UNIQUE_SILENCE_AT_1_00,0.0,333f0a52cfccd34c9b87f7a09f9a69bbff3b1b561c0a3b7c0f487f87873787e6,a92973f02f48df1c9613f469244d41cf1d74c95afde71a846e6d78805ab8739b,This is not a film about a secret committee that deleted personality.
T011,S1 — The feeling of sameness,54.0,64.0,10.0,7.7,0.42,0.71,6.77,0.0,0.0,0.0,0.0,0.0,1.0,7.7,6.77,0.0,0.0,0.0,0.0,SAFE_TRIM_PLUS_UNIQUE_SILENCE_AT_1_00,0.0,ef9e746f11b58eb0355083613da6e4d06c2293f95fc08a56073311c7e566ce2b,122a9dd77ac666fd409962357a3299752be50d69dddf29a522af73ecc56e9632,"Different industries, facing different problems, have begun solving them with the same visual vocabulary."
T012,S2 — What the evidence can—and cannot—show,64.0,71.5,7.5,4.1,0.39,0.72,3.19,0.0,0.0,0.0,0.0,0.0,1.0,4.1,3.19,0.0,0.0,0.0,0.0,SAFE_TRIM_PLUS_UNIQUE_SILENCE_AT_1_00,0.0,e6f0704f19af9aeaa5275e91a85e2d3019b49fbf683e48a3358de6a9673efbcf,6f0876272af00287e7ed48464b594ab03e2810ad7434bfc9d7081d3e446a55cf,Color gives us one measurable piece of the pattern.
T013,S2 — What the evidence can—and cannot—show,71.5,81.0,9.5,5.975,0.44,0.785,4.95,0.0,0.0,0.0,0.0,0.0,1.0,5.975,4.95,0.0,0.0,0.0,0.0,SAFE_TRIM_PLUS_UNIQUE_SILENCE_AT_1_00,0.0,3a1af7e3ab99fcb6fdb35e5f18c30ee811d6e1549bfc69ba705aae16f55e1f07,42c8625ad55b8e6ffeeae4518fec1d6e7bef19392c794c690fe20cf6bdeeda04,"One museum collection grew grayer over time, while brown and yellow declined."
T014,S2 — What the evidence can—and cannot—show,81.0,87.0,6.0,5.5,0.39,0.74,4.57,0.0,0.0,0.0,0.0,0.0,1.0,5.5,4.57,0.0,0.0,0.0,0.0,SAFE_TRIM_PLUS_UNIQUE_SILENCE_AT_1_00,0.0,5531fc22b0784c313745b5d386ca7b76514c349597c28d8446a0e711a9e08d59,d80edfd5a233d70668a3db7ea9ae154e50fc82bdcb9f4dc86a826eb676baebde,But the researchers warn: the collection is not a random sample of the world.
T015,S2 — What the evidence can—and cannot—show,87.0,96.0,9.0,5.925,0.41,0.595,5.12,0.0,0.0,0.0,0.0,0.0,1.0,5.925,5.12,0.0,0.0,0.0,0.0,SAFE_TRIM_PLUS_UNIQUE_SILENCE_AT_1_00,0.0,0012af485cd9f6ac8fcd2ba4b9076d0a162cfe95fa46a1942248a15a7c55849a,522cc345775367cf0875de7a1ffaccfd89e7cf9be15455bd8a194f4cbe03575b,They also point to a material shift: from wood toward manufactured surfaces.
T016,S2 — What the evidence can—and cannot—show,96.0,101.0,5.0,3.4,0.4,0.65,2.55,0.0,0.0,0.0,0.0,0.0,1.0,3.4,2.55,0.0,0.0,0.0,0.0,SAFE_TRIM_PLUS_UNIQUE_SILENCE_AT_1_00,0.0,0b3c1c3ae44b6066ecec1f5705c5d678fc0e2bc705849897a197b141b32aa704,bccaaf21107a67dc82c9422df67fa49aeb4ff141f62f2d45eb4adfe0ffd910c3,The car park makes the pattern easier to see.
T017,S2 — What the evidence can—and cannot—show,101.0,111.0,10.0,9.05,0.42,0.74,8.09,0.0,0.0,0.0,0.0,0.0,1.0,9.05,8.09,0.0,0.0,0.0,0.0,SAFE_TRIM_PLUS_UNIQUE_SILENCE_AT_1_00,0.0,82e74241949365e08ea57069906d00881377cf87483b971cba202f091bffe7e6,fcef69ff40413017946dc55adab15b3534eb1ac34630116798e1f7881e10779f,"In 2025: white 29%, black 23%, gray 22%, and silver 7%."
T018,S2 — What the evidence can—and cannot—show,111.0,122.0,11.0,8.275,0.43,0.675,7.37,0.0,0.0,0.0,0.0,0.0,1.0,8.275,7.37,0.0,0.0,0.0,0.0,SAFE_TRIM_PLUS_UNIQUE_SILENCE_AT_1_00,0.0,9d09d0302c34abe3facf4d690b1e10c065aac6c83591fdeb8cad0d293c6a6f65,9009510c8ae3df54bbf0a91c1bafdd0078e1b38ae505e35740c02e822156c470,"White, black, and gray together: 74%. Add silver, and the grayscale share reaches 81%."
T019,S2 — What the evidence can—and cannot—show,122.0,129.0,7.0,5.475,0.41,0.535,4.73,0.0,0.0,0.0,0.0,0.0,1.0,5.475,4.73,0.0,0.0,0.0,0.0,SAFE_TRIM_PLUS_UNIQUE_SILENCE_AT_1_00,0.0,635012dfd5a5c60d66ee6dabb596c7a0d15ff2241f816baf8255c907ed48ff45,08da0406adce492e3745529aecc3e171e0380be7c1a36164608624a1a94b3706,"In Europe, gray alone led at 26%. That proves dominance."
T020,S2 — What the evidence can—and cannot—show,129.0,133.535,4.535,4.325,0.39,0.675,3.46,0.0,0.0,0.0,0.0,0.0,1.0,4.325,3.46,0.0,0.0,0.0,0.0,SAFE_TRIM_PLUS_UNIQUE_SILENCE_AT_1_00,0.0,666a4894f85084cc60fcfb22ec46f372037bc340294fae34dc7e0871b60d3e17,6e3256794f4d0ad47e6284446e4a7e944a96a0bf0d3f82d04d45438e818fa421,It does not prove why. Several forces may contribute.
T021,S2 — What the evidence can—and cannot—show,133.535,137.0,3.465,3.25,0.39,0.67,2.39,0.0,0.0,0.0,0.0,0.0,1.0,3.25,2.36,0.0,0.0,0.0,0.0,SAFE_TRIM_PLUS_UNIQUE_SILENCE_AT_1_00,0.0,d95536e1fbb09cdc5736fcbbddcf6c9c4bd15569638440cc1e1b8882a2ff2ddd,721061543ef757c0cc28e677e2819cb24381a64431ee5867b4d7e87a6d0ac4e1,The report does not isolate or rank them.
T022,S2 — What the evidence can—and cannot—show,137.0,142.0,5.0,4.25,0.39,0.58,3.48,0.0,0.0,0.0,0.0,0.0,1.0,4.25,3.48,0.0,0.0,0.0,0.0,SAFE_TRIM_PLUS_UNIQUE_SILENCE_AT_1_00,0.0,ccf5ee399bc28cc29276826448b6f8dca0d3b54f50da88f90d8464da77294b20,223bef7152b2c50502ce604d5f4a4cfcfe99b8e9f9feb979e6be2a6e16ab078e,The safest color is the one the fewest people reject.
T023,S3 — Why familiarity feels easier,142.547,146.855,4.308,6.6,0.41,0.55,5.84,2.292,1.632,0.0,0.558,1.074,1.15,5.95,5.3,1.092,0.0,0.0,1.092,SURGICAL_TEXT_OR_EDITORIAL_REVIEW,1.092,98bcb4cd495e8df60c614a91e8751858ccbc7fa8b113f5033ea56a526d46c218,9d76e2c1fcdea5f3c7b45acaab79e354c436343d61ab44ec790e2edea28ce314,That distinction—between being loved and avoiding rejection—appears far beyond cars.
T024,S3 — Why familiarity feels easier,148.0,152.983,4.983,5.9,0.41,0.67,5.02,0.917,0.137,0.137,0.0,0.0,1.15,5.4,4.59,0.0,0.0,0.0,0.0,SAFE_TRIM_PLUS_UNIQUE_SILENCE_AT_1_00,0.0,de6015d429b02448a7e640e69a02bc6409115f5e1c33b1142ba28ec43e54bb8c,5ebc78af61c7ba55a888ad04b2673f59d4cf3bf3cce03fb7d73802d97bdc2f54,Psychologists call this processing fluency: the ease of making sense of something.
T025,S3 — Why familiarity feels easier,152.983,161.35,8.367,10.425,0.42,0.585,9.62,2.058,1.353,0.0,1.353,0.0,1.15,9.425,8.71,0.443,0.0,0.0,0.0,SAFE_TRIM_PLUS_UNIQUE_SILENCE_AT_1_00,0.0,66fda217c8bd4c53195679eb496ef0da183d15af4fc13c1ae8bdc323c37bd942,ca604a3ed0b283b59f5a3391dc2a2d286d8ef2725e6638b92f7fd732a57835b2,"Research suggests familiar forms, clear contrast, and repeated exposure can be easier to process, and that ease can influence preference."
T026,S3 — Why familiarity feels easier,165.323,168.576,3.253,4.25,0.4,0.63,3.42,0.997,0.267,0.267,0.0,0.0,1.15,3.85,3.13,0.0,0.0,0.0,0.0,SAFE_TRIM_PLUS_UNIQUE_SILENCE_AT_1_00,0.0,878db88711f36c574c3d98fbb0640cbdbb65bda284400ec223a4e2fc4bd3f3be,73e4450b04f7181e1d5ed39aead7e88113074aeef46c6523e7b997eac4c2bc60,This does not mean simple is objectively beautiful.
T027,S3 — Why familiarity feels easier,168.576,173.675,5.099,7.025,0.39,0.675,6.16,1.926,1.161,0.0,0.079,1.082,1.15,6.4,5.63,0.631,0.0,0.0,0.631,SURGICAL_TEXT_OR_EDITORIAL_REVIEW,0.631,902fcd3341b6c9db741196b9f99542320071c391aa2f2e3438985a28570d59d2,a53b94f03290981c95c346cc19f385b6f2f51d1804017b7327185696e431bf29,"Complexity can create interest, identity, and meaning. Familiarity can also become boredom."
T028,S3 — Why familiarity feels easier,175.271,178.734,3.463,5.025,0.42,0.675,4.13,1.562,0.767,0.767,0.0,0.0,1.15,4.375,3.6,0.237,0.0,0.0,0.0,SAFE_TRIM_PLUS_UNIQUE_SILENCE_AT_1_00,0.0,d9cbafc3cf17e3bf9dea3bc0bcf56e0e1036ea6df25bea00c947000c33233f11,1df356b0988b8f180acb0aa1ae4b93eea8ec9bba157e6ef4f72eb577741dd15b,"But in a crowded marketplace, immediate comprehension has value."
T029,S3 — Why familiarity feels easier,180.592,184.72,4.128,3.95,0.4,0.75,3.0,0.0,0.0,0.0,0.0,0.0,1.0,3.95,3.0,0.0,0.0,0.0,0.0,SAFE_TRIM_PLUS_UNIQUE_SILENCE_AT_1_00,0.0,d8e9ae2c91669e2dd9059af203a6bb9ba3bba476cb1f08ff6a5dad13731b3b63,3d2e92648079bc2b13f55679d87868e7a381b186420226da85b517a80f5ca94a,A product has seconds to explain itself on a shelf.
T030,S3 — Why familiarity feels easier,184.72,190.09,5.37,6.25,0.4,0.59,5.46,0.88,0.19,0.0,0.0,0.19,1.15,5.55,4.9,0.0,0.0,0.0,0.0,SAFE_TRIM_PLUS_UNIQUE_SILENCE_AT_ADAPTIVE_SPEED,0.0,e47d47ed62ef489192e19a14c0701f53b00abd371a14d026aa3ebf2002f1099a,27a631443e1d2973b1f89b67abb32c3176751776d443db9b552423ddfb0d6141,"A building proposal must survive clients, planners, engineers, budgets, and neighbors."
T031,S3 — Why familiarity feels easier,190.09,194.63,4.54,6.075,0.4,0.725,5.15,1.535,0.71,0.0,0.71,0.0,1.15,5.45,4.63,0.19,0.0,0.0,0.0,SAFE_TRIM_PLUS_UNIQUE_SILENCE_AT_1_00,0.0,39509a5439e951ab1799196778e3e816bd34f15635653a20f0324d52b1a556bb,9fc651919219844780ee9063c13ab1e342389c80f14e0dcc54bf3ed2bd534436,A brand must remain recognizable on a billboard and inside a tiny icon.
T032,S3 — Why familiarity feels easier,197.919,203.815,5.896,6.075,0.4,0.675,5.2,0.179,0.0,0.0,0.0,0.0,1.09,5.75,4.94,0.0,0.0,0.0,0.0,SAFE_TRIM_PLUS_UNIQUE_SILENCE_AT_1_00,0.0,07c0c5fc29626414ed0f9e20d1e53533b6cd7abd474c928f84199934a9703699,e9e8be88def290bc39d1445b4110e12918c3bd1f84740a6c0dc59f37b3900ed4,"At every stage, unfamiliarity creates a question. A question creates friction."
T033,S3 — Why familiarity feels easier,205.621,208.603,2.982,3.6,0.4,0.67,2.73,0.618,0.0,0.0,0.0,0.0,1.15,3.25,2.48,0.0,0.0,0.0,0.0,SAFE_TRIM_PLUS_UNIQUE_SILENCE_AT_1_00,0.0,b15be2b6f168f30f68370b75d98dd277f6452281717e147e7f11d59d349362c7,df568d624aeb9fbb9e050d098abfb2e37e6693e098462b11d4882ee957d6b158,And friction needs someone willing to defend it.
T034,S4 — Interfaces and identities,210.64,214.445,3.805,4.35,0.41,0.69,3.45,0.545,0.0,0.0,0.0,0.0,1.15,3.975,3.14,0.0,0.0,0.0,0.0,SAFE_TRIM_PLUS_UNIQUE_SILENCE_AT_1_00,0.0,60a65387d68a06efd5e12e22471714ca4ee3163eb99a30e8b52f760c8583b6d8,8b062c8f0de30b2bfd04b46713419a10b810afdcf649f2b96fd16e400710ee3a,Nowhere is low friction more visible than on a screen.
T035,S4 — Interfaces and identities,215.656,228.729,13.073,12.7,0.43,0.73,11.74,0.0,0.0,0.0,0.0,0.0,1.0,12.7,11.78,0.0,0.0,0.0,0.0,SAFE_TRIM_PLUS_UNIQUE_SILENCE_AT_1_00,0.0,2d2c9a6d376a799bb3c95fe7e570fa074f32d8668a9cae05a71c8d11403a88c9,9c8f166806bb56037ebcdcb582d7d0933e5a7999086c2a9c6fb188e2f2236e1c,"Jakob Nielsen summarized a basic rule of internet behavior: users spend most of their time on other websites, so they prefer a new site to work like the sites they already know."
T036,S4 — Interfaces and identities,230.569,235.483,4.914,5.15,0.4,0.64,4.31,0.236,0.0,0.0,0.0,0.0,1.15,4.775,4.01,0.0,0.0,0.0,0.0,SAFE_TRIM_PLUS_UNIQUE_SILENCE_AT_1_00,0.0,a53cdc6d7b3603499a8b7c3a3490757d3815734113dc4251aeaff2d5d6f8f88b,8cfe8f1fd18599de21c930a830765d647a33515ccb8a1ac6633f30468a5cd923,That is good usability. A shopping basket should not become a puzzle.
T037,S4 — Interfaces and identities,235.483,241.618,6.135,7.975,0.42,0.645,7.11,1.84,1.075,0.0,0.622,0.453,1.15,7.425,6.67,0.635,0.0,0.0,0.635,SURGICAL_TEXT_OR_EDITORIAL_REVIEW,0.635,3b58c8e372c2803733147d8f7cf71900f103e04e1c5fed342008e8335a052852,363f7e1328b92c4c1cf0322e6b5b9fa4977ecf72dd041164d0858d1a41af398e,Navigation should not demand a tutorial. Familiar patterns make digital services faster and more accessible.
T038,S4 — Interfaces and identities,243.12,248.0,4.88,5.65,0.39,0.55,4.91,0.77,0.13,0.13,0.0,0.0,1.15,5.225,4.58,0.0,0.0,0.0,0.0,SAFE_TRIM_PLUS_UNIQUE_SILENCE_AT_1_00,0.0,a3b4bef94ba45383aae4dd4ca36a4eabd13277905eca09e06b944deb79618aef,ea17ccdfb16dfe968d791d9efc2054dd0fc241978381ef0b28421057f9f49fd5,But successful conventions spread beyond function. The same rounded cards.
T039,S4 — Interfaces and identities,248.0,251.722,3.722,4.525,0.4,0.665,3.66,0.803,0.038,0.0,0.0,0.038,1.15,4.15,3.36,0.0,0.0,0.0,0.0,SAFE_TRIM_PLUS_UNIQUE_SILENCE_AT_ADAPTIVE_SPEED,0.0,80d38a59229cb4bd70079d18cb82f2e8d551542af0e4ca2166bbd7f06e76655b,f63d562ca1796b4a1c2b6a6f698acd304efd4d32f6b123b03e98896c506506fc,The same generous white space. The same centered headline.
T040,S4 — Interfaces and identities,251.722,255.473,3.751,4.775,0.4,0.675,3.9,1.024,0.249,0.0,0.249,0.0,1.15,4.325,3.56,0.0,0.0,0.0,0.0,SAFE_TRIM_PLUS_UNIQUE_SILENCE_AT_1_00,0.0,47a40297536813227a64c3218cbf6b84a6e448ff4f28258ccf6f0cb19ffe9f70,56159a82495e1c6bc92d243f183b962a1c29d1b817b5419273cfd3ad970c1108,The same soft gradient. The same friendly geometric type.
T041,S4 — Interfaces and identities,256.979,263.94,6.961,10.175,0.43,0.575,9.37,3.214,2.509,0.507,0.0,2.002,1.15,9.125,8.42,1.559,0.0,0.0,1.559,SURGICAL_TEXT_OR_EDITORIAL_REVIEW,1.559,30bfd2f7b1cddf562b11530f7af7e422073f49d40cf19a23e5cd3eac83d5055d,0619627abd15020acd57a03aa80ab0594d96ede24dce1982f17cc3aee3d700a1,"Logos face a related pressure. They must remain clear across phones, watches, browser tabs, packaging, video, and physical signs."
T042,S4 — Interfaces and identities,263.94,268.912,4.972,6.0,0.41,0.67,5.12,1.028,0.248,0.0,0.248,0.0,1.15,5.525,4.71,0.0,0.0,0.0,0.0,SAFE_TRIM_PLUS_UNIQUE_SILENCE_AT_1_00,0.0,496c4b160cabb52a0e294429a0b60a0bb5d0838133011916704b982e0f584169,ec329ff1bcf09215a4887855c1abdba18f7a9ec6b45451651bc7ed101a3e6f03,Responsive identity systems often remove detail as space becomes smaller.
T043,S4 — Interfaces and identities,270.597,283.759,13.162,14.0,0.42,0.59,13.19,0.838,0.128,0.128,0.0,0.0,1.15,12.875,12.16,0.0,0.0,0.0,0.0,SAFE_TRIM_PLUS_UNIQUE_SILENCE_AT_1_00,0.0,ed42480835d7c29f268689fec6703686df1d8e149bf28bb22e85c339a05de9d2,2c9c60cf9559fc9160ecc6149b2cbac6190134261b6f2779ca37a68a5ff32820,"Each individual simplification may be rational. The convergence appears one decision later—when every company reaches for the same solution to signal that it is modern, trustworthy, and easy to use."
T044,S5 — Architecture at scale,285.8,292.716,6.916,7.725,0.41,0.675,6.84,0.809,0.024,0.0,0.0,0.024,1.15,7.075,6.29,0.0,0.0,0.0,0.0,SAFE_TRIM_PLUS_UNIQUE_SILENCE_AT_ADAPTIVE_SPEED,0.0,f10676842d3c97fc5674168132581824eb63de497bb23299d05eb1e9b7cb5bc3,b68786462a8d87ed8bd2ecff23687110540ad48aa70611f6f23c8a9949418b66,Physical space follows a similar logic. Early McDonald’s restaurants were designed to attract attention.
T045,S5 — Architecture at scale,292.716,299.476,6.76,9.325,0.4,0.755,8.37,2.565,1.71,0.0,0.0,1.71,1.15,8.45,7.6,0.94,0.0,0.0,0.94,SURGICAL_TEXT_OR_EDITORIAL_REVIEW,0.94,5b17571432bc92bafc7f44aff97cae4a8b4d8623438f97859a55689a36e392d1,4c622134feba17ed5498de70958b7eb6cc8b79ffd7c5a94b2913a1e5265c9030,"The company’s own history describes the red-and-white tiled building, created in 1953, as an attention-getting design."
T046,S5 — Architecture at scale,299.476,304.124,4.648,4.225,0.4,0.695,3.33,0.0,0.0,0.0,0.0,0.0,1.0,4.225,3.33,0.0,0.0,0.0,0.0,SAFE_TRIM_PLUS_UNIQUE_SILENCE_AT_1_00,0.0,f5ab7a88212e7bd04a36f39a1cddd65edf455c298a3fe6af7c2f2fc86ee04e45,d42c44feacbd69117326a7f9bab852ba4b910c1e799aad8de1b00e9ad60b05d5,The arches were not merely a logo placed on the building.
T047,S5 — Architecture at scale,304.124,315.955,11.831,11.25,0.43,0.7,10.32,0.0,0.0,0.0,0.0,0.0,1.0,11.25,10.32,0.0,0.0,0.0,0.0,SAFE_TRIM_PLUS_UNIQUE_SILENCE_AT_1_00,0.0,49033c7fc765f77afe327e9c2dcfb7e560f67c8786bb693d1790d47c36eb204e,1f98c2017750eee87f4460225e2489bc5ee28abf87f00010ba6696d76459f452,"They were part of the building. In the late nineteen-sixties, that design gave way to the Mansard roof, which could be repeated and remodeled across a growing system."
T048,S5 — Architecture at scale,317.195,321.843,4.648,4.2,0.4,0.55,3.45,0.0,0.0,0.0,0.0,0.0,1.0,4.2,3.45,0.0,0.0,0.0,0.0,SAFE_TRIM_PLUS_UNIQUE_SILENCE_AT_1_00,0.0,b59ee18afc204bd8972b68dc85afec065c1318a0113a2baa778d1ff6d63b96be,b85fbc4708fbf0fcbc0797ae45b910029ecee1e3464322577f1df53ff38ca542,The lesson is not that every chain became a gray box.
T049,S5 — Architecture at scale,321.843,328.496,6.653,8.65,0.39,0.59,7.87,1.997,1.317,0.0,0.0,1.317,1.15,7.975,7.3,0.747,0.0,0.0,0.747,SURGICAL_TEXT_OR_EDITORIAL_REVIEW,0.747,fe5bbef7d96beec3a95b2869c0d1c70e6b15d6df30bdcff784f8c0f7711e9c2c,24982dccefd137cfc2f07b295ff3fd17ac79f7154c1e6b76bf5cfc48738897b5,McDonald’s itself highlights contemporary locations that use existing architecture and distinctive local features.
T050,S5 — Architecture at scale,328.576,333.224,4.648,4.1,0.4,0.72,3.18,0.0,0.0,0.0,0.0,0.0,1.0,4.1,3.19,0.0,0.0,0.0,0.0,SAFE_TRIM_PLUS_UNIQUE_SILENCE_AT_1_00,0.0,9a90e16d19b0e2a2010525967349574f54fca8578852d0947f6e381726f16967,8aa47f21de88220c477f1c56162c2807b025d87e94b9ff001310406a7bd61b8b,The lesson is that scale changes what a design must do.
T051,S5 — Architecture at scale,334.465,338.267,3.802,3.675,0.4,0.705,2.77,0.0,0.0,0.0,0.0,0.0,1.0,3.675,2.77,0.0,0.0,0.0,0.0,SAFE_TRIM_PLUS_UNIQUE_SILENCE_AT_1_00,0.0,9bc19c51faac88dfc71626a550e8817925df13c9fa41a0052240daf726133ee4,4049a01cbc4942bec0af1bc45a9cef116efb1d26a2a71bfebb00701bbd0390b9,A one-off building can be inseparable from its site.
T052,S5 — Architecture at scale,338.267,345.519,7.252,10.275,0.43,0.595,9.45,3.023,2.298,0.0,0.277,2.021,1.15,9.325,8.43,1.278,0.0,0.0,1.278,SURGICAL_TEXT_OR_EDITORIAL_REVIEW,1.278,036a7a5f1d3941579c0066701076397d318cba386f8cc2e414c657d19cc94559,628b56e46deb8b888836d7deb37b34bd8bff2039f07ec6a7d64cfcfb127048ed,"A repeatable system must adapt to different plots, regulations, contractors, climates, maintenance schedules, and customer expectations."
T053,S5 — Architecture at scale,346.268,350.916,4.648,5.525,0.4,0.555,4.77,0.877,0.222,0.222,0.0,0.0,1.15,5.175,4.51,0.0,0.0,0.0,0.0,SAFE_TRIM_PLUS_UNIQUE_SILENCE_AT_1_00,0.0,6ba2664a0169c175011a98209190fdbd08911c7a5f500a60daccd33f05173b56,f3ef76ffb0448cab028e14d5b0c3be91a81145bf78daf46d58eec4fc9dd6e624,"The larger the network, the more valuable the adaptable container becomes."
T054,S5 — Architecture at scale,352.156,358.494,6.338,8.525,0.43,0.725,7.57,2.187,1.332,0.79,0.542,0.0,1.15,7.5,6.69,0.452,0.0,0.0,0.0,SAFE_TRIM_PLUS_UNIQUE_SILENCE_AT_1_00,0.0,e1f8ea4b9546d6ac716643e7fb14eec524d31184bf9d2bb3f41297cfefb41a39,4ba87d430bc5361006275a159f22747cdfb4df81820be8e0ff885853df51a60e,"Identity then migrates into controlled layers: signage, furniture, packaging, lighting, menu screens, and the app."
T055,S5 — Architecture at scale,359.735,363.96,4.225,4.475,0.4,0.645,3.63,0.25,0.0,0.0,0.0,0.0,1.15,4.125,3.37,0.0,0.0,0.0,0.0,SAFE_TRIM_PLUS_UNIQUE_SILENCE_AT_1_00,0.0,0f3ccd3584bffa92708ff9e7b7bf8e82d87fe883d18b92b9baafbe5af3076ec3,040a2bb785e1f0549df02c017bc03c6fd611b9c76368bc25b743d120000e400a,The building becomes quieter so the system can travel further.
T056,S6 — The feedback loop,365.56,371.053,5.493,5.625,0.4,0.705,4.72,0.132,0.0,0.0,0.0,0.0,1.03,5.375,4.54,0.0,0.0,0.0,0.0,SAFE_TRIM_PLUS_UNIQUE_SILENCE_AT_1_00,0.0,591e996358807f8e16dec6c16d11e5dd73bcfbb1d1ed7aa674e8ffa93824562d,93b0be9f62a58ed8639bb8563ca4d3fd6a08e748f53043fd46b6d36347aeb2a0,"At this point, sameness can emerge without anyone choosing sameness as the goal."
T057,S6 — The feedback loop,371.76,374.719,2.959,3.875,0.42,0.675,2.98,0.916,0.121,0.121,0.0,0.0,1.15,3.55,2.77,0.0,0.0,0.0,0.0,SAFE_TRIM_PLUS_UNIQUE_SILENCE_AT_1_00,0.0,4318ff1f2e8586899d1c4227322f5556021c07dea3dc9de90c7b08afb7d6a7c6,bf84dac4d8072a6fd64395d3bef7a08fa3ad359c2743cdc2cdcfb8456b4b7526,One developer copies a layout that sold quickly.
T058,S6 — The feedback loop,374.719,379.773,5.054,7.05,0.42,0.65,6.18,1.996,1.226,0.0,0.0,1.226,1.15,6.475,5.68,0.726,0.0,0.0,0.726,SURGICAL_TEXT_OR_EDITORIAL_REVIEW,0.726,d76497866bda72ea313fed9f69ddaca9534195c755a8aee2bd6cb2a1213a33e6,a9bddbe18bc0c9ab64ac8f137d86a4763f10f00de716138a30a76bc3cf8f7881,One designer chooses a familiar typeface. One café recreates a photogenic interior.
T059,S6 — The feedback loop,379.773,383.472,3.699,4.675,0.43,0.675,3.77,0.976,0.171,0.0,0.0,0.171,1.15,4.325,3.53,0.0,0.0,0.0,0.0,SAFE_TRIM_PLUS_UNIQUE_SILENCE_AT_ADAPTIVE_SPEED,0.0,2be060840ee0ccd6881e29bef86374400179ee93acbe09168bef76298388bba1,40e633aba92af19a0a6ab70305d7073c7e4ca0e176f409d08b1fec1a749cde58,One platform recommends work similar to what held attention.
T060,S6 — The feedback loop,383.472,387.725,4.253,5.175,0.42,0.705,4.25,0.922,0.097,0.0,0.0,0.097,1.15,4.725,3.91,0.0,0.0,0.0,0.0,SAFE_TRIM_PLUS_UNIQUE_SILENCE_AT_ADAPTIVE_SPEED,0.0,8ae94547d3bbee497391f7960f787236c937fba0f6f3091d067a6a64a41093dd,7038ac47c5b7fffedfcc34dca3cbc4e32c5011d8ba2341057fd09497c0392b12,Different actors can reinforce the same pattern without coordinating.
T061,S6 — The feedback loop,387.725,392.102,4.377,5.45,0.4,0.58,4.67,1.073,0.393,0.0,0.0,0.393,1.15,5.0,4.32,0.043,0.0,0.0,0.043,SURGICAL_TEXT_OR_EDITORIAL_REVIEW,0.043,d6cb0bbf2a826e330dafb596208f7468d5170121c832a364f7fdb5ae4b7653bc,5c38ec2d4e69d938c7f3b3f4e12cebc0011d96460e2572636900126525320155,No single choice transforms culture. Each becomes evidence for the next.
T062,S6 — The feedback loop,392.102,400.3,8.198,10.6,0.43,0.65,9.72,2.402,1.622,0.0,0.0,1.622,1.15,9.65,8.84,0.742,0.0,0.0,0.742,SURGICAL_TEXT_OR_EDITORIAL_REVIEW,0.742,560e09cce52e57641197b55e613b317090b9ffcd8974d24ed0a68223b11e56ba,ddd58bbd1aa17adea80b13d0a27282e416bb25dd4e3b61442655579adc0b8268,Recommendation systems make this tension explicit. Spotify researchers describe balancing familiarity and similarity against discovery.
T063,S6 — The feedback loop,400.3,405.17,4.87,6.225,0.4,0.575,5.45,1.355,0.68,0.0,0.0,0.68,1.15,5.7,5.03,0.26,0.0,0.0,0.26,SURGICAL_TEXT_OR_EDITORIAL_REVIEW,0.26,163f101733e6da34c4d6d33dee3c77bb224188aa8a780bfbeb28e4293d12e71d,a2ea6bab3aacc6815b261c35125596c1d94aefa11e854321d9cdc6b613b0a74c,The platform does not simply maximize sameness; it manages competing objectives.
T064,S6 — The feedback loop,405.17,421.689,16.519,19.6,0.43,0.72,18.65,3.081,2.231,0.0,0.0,2.231,1.15,17.95,17.11,0.691,0.0,0.0,0.691,SURGICAL_TEXT_OR_EDITORIAL_REVIEW,0.691,7b4083358fb3dff1f32580d1f005dacfcc7b12f83ae51d0d1f1277292e3c1054,2481f9996d3a7a6d49b64840ab4e45088fa3284f1545468d01aa482e7b3d5e87,Algorithms did not invent visual convergence. They can accelerate a loop that already exists: what is familiar is easier to recognize; what is easier to recognize is easier to choose; what is chosen becomes easier to measure; and what is measured becomes easier to imitate.
T065,S6 — The feedback loop,421.689,424.525,2.836,4.075,0.4,0.675,3.2,1.239,0.464,0.0,0.464,0.0,1.15,3.65,2.85,0.114,0.0,0.0,0.0,SAFE_TRIM_PLUS_UNIQUE_SILENCE_AT_1_00,0.0,ba320740370519a2aadcf0bd7a6e6e87335877bf372638931fd7bb41f17e9b5c,fc7ab78bcaf24948251e330553ee18ef4cbf363b445ca66d2fec12f0ce7d1262,"This loop is our model, not Spotify's finding."
T066,S6 — The feedback loop,425.891,431.871,5.98,6.075,0.39,0.675,5.21,0.095,0.0,0.0,0.0,0.0,1.06,5.85,5.06,0.0,0.0,0.0,0.0,SAFE_TRIM_PLUS_UNIQUE_SILENCE_AT_1_00,0.0,f8760b1f6681f92f03f49d49dda82202098f19dc04b8061c1272c24eda404f2c,7085c88adff7e85e5d42397c2db3fcc766c136ea9433bce924b60c15dbb75b43,The conspiracy is not a room full of designers agreeing to make everything identical.
T067,S6 — The feedback loop,433.045,438.96,5.915,5.4,0.41,0.7,4.49,0.0,0.0,0.0,0.0,0.0,1.0,5.4,4.49,0.0,0.0,0.0,0.0,SAFE_TRIM_PLUS_UNIQUE_SILENCE_AT_1_00,0.0,ba9d0335d41c49f0952f5935322944c3507bedca692a075b825de2df463265b8,f68f67af6ec0b263a937117b1faf9a2ae468496fe669a3c94e77fb714dd8f8e6,It is a feedback loop in which nobody wants to be the expensive exception.
T068,S7 — The exceptions that matter,440.56,443.94,3.38,3.4,0.4,0.55,2.65,0.02,0.0,0.0,0.0,0.0,1.09,3.25,2.57,0.0,0.0,0.0,0.0,SAFE_TRIM_PLUS_UNIQUE_SILENCE_AT_1_00,0.0,ab57d1d36e944deea5637b8704ab9cf69428c89ca9e687f2b9186613715bc511,30883c0e956e6263c58805db70c90a105b90b14a4332ff9e4331eb2595a26337,But a useful theory must explain its limits.
T069,S7 — The exceptions that matter,444.79,451.189,6.399,7.425,0.41,0.705,6.51,1.026,0.211,0.211,0.0,0.0,1.15,6.725,5.91,0.0,0.0,0.0,0.0,SAFE_TRIM_PLUS_UNIQUE_SILENCE_AT_1_00,0.0,77c90084c73c17fd2d59e01b1b352186baf917bbb70b5aaa998c2b99e5e3e0c2,1f819105693980044b7dd35f5e0d03cbdf1788ad09000725bdd2df640db478fe,"If scale automatically destroyed difference, every global brand would look identical in every city."
T070,S7 — The exceptions that matter,451.189,460.027,8.838,8.875,0.41,0.545,8.12,0.037,0.0,0.0,0.0,0.0,1.06,8.625,7.93,0.0,0.0,0.0,0.0,SAFE_TRIM_PLUS_UNIQUE_SILENCE_AT_1_00,0.0,fd48a9f5e582f712b12d48cc1d135ced8eed22418d935396b862a9a220ec4418,a4631047d155848ae2916763f55ae7c2e789b6bba08583e8f4fc507fdf85aa2c,"They do not. If digital legibility required one style, every successful interface would use the same colors and shapes."
T071,S7 — The exceptions that matter,460.027,469.174,9.147,9.05,0.41,0.57,8.27,0.0,0.0,0.0,0.0,0.0,1.03,8.95,8.19,0.0,0.0,0.0,0.0,SAFE_TRIM_PLUS_UNIQUE_SILENCE_AT_1_00,0.0,fca361211df87ad8c7f33d306cea39ec1744e97e598cfaea5d4a530d6b9a3d32,9001fc7ed09a6055e5749c194e3943bfd84216f311ba2fa2fe5d38fa01465a71,"They do not. If neutral cars were the inevitable result of economics, expressive models would never sell in bright colors."
T072,S7 — The exceptions that matter,469.174,473.957,4.783,5.275,0.4,0.545,4.53,0.492,0.0,0.0,0.0,0.0,1.15,4.8,4.14,0.0,0.0,0.0,0.0,SAFE_TRIM_PLUS_UNIQUE_SILENCE_AT_1_00,0.0,72473b0d32f3667cf70a86384e11a37499b6b7ef4468ef3f3f4ff0f09cc57ff8,7690a16fb4c6970142208dbdf515a15915a161bcb2ac79f32f50dcc00f36d366,They do. Constraints narrow possibilities. They do not eliminate choice.
T073,S7 — The exceptions that matter,474.806,480.299,5.493,6.625,0.41,0.705,5.71,1.132,0.317,0.317,0.0,0.0,1.15,6.05,5.24,0.0,0.0,0.0,0.0,SAFE_TRIM_PLUS_UNIQUE_SILENCE_AT_1_00,0.0,1c462d978b645ecd179ce8477fcc77a2c35d3b70c7b4cbcb6d14ee3d2bfd2952,9f558aec931324b2ef39472da140b8c74639421833f81eeebc0cf20e4507c9fc,"And once a visual language becomes too common, difference can recover economic value."
T074,S7 — The exceptions that matter,481.149,484.923,3.774,4.9,0.4,0.65,4.05,1.126,0.376,0.376,0.0,0.0,1.15,4.5,3.73,0.056,0.0,0.0,0.0,SAFE_TRIM_PLUS_UNIQUE_SILENCE_AT_1_00,0.0,4e1740c0bb6aff33a3881179526150d976f5976d0bf2ce4cec5db73d15844ba9,4bce48087df7cbac64983c6646b3f2c0ae0c3a1de66d5e7c226c913a1e85e95f,A colorful car becomes memorable because the road is neutral.
T075,S7 — The exceptions that matter,484.923,488.945,4.022,4.975,0.41,0.705,4.06,0.953,0.138,0.0,0.0,0.138,1.15,4.35,3.53,0.0,0.0,0.0,0.0,SAFE_TRIM_PLUS_UNIQUE_SILENCE_AT_ADAPTIVE_SPEED,0.0,97227bdb2cd2f4be2e6f964499a53a6e5535ea561198e2f304115bb989019f9e,25290f9b9dafc73e6a333daa50e7f52748fc8ae0c64de302e49bbfa32ca3313a,An ornate wordmark stands out because competitors use plain type.
T076,S7 — The exceptions that matter,488.945,495.937,6.992,8.55,0.42,0.72,7.61,1.558,0.718,0.0,0.4,0.318,1.15,7.6,6.77,0.0,0.0,0.0,0.0,SAFE_TRIM_PLUS_UNIQUE_SILENCE_AT_ADAPTIVE_SPEED,0.0,98eb5d1f2bf517e6ca687e9b8f0667d30654144d77381be413d7b90834caf225,d65f6c5db024d4b4c253a994223af2fcdc5c05b94567a6513783be1d7fe8fa3a,A restaurant filled with local materials becomes a destination because the standardized alternative is everywhere.
T077,S7 — The exceptions that matter,496.787,501.97,5.183,5.825,0.4,0.555,5.07,0.642,0.0,0.0,0.0,0.0,1.15,5.275,4.6,0.0,0.0,0.0,0.0,SAFE_TRIM_PLUS_UNIQUE_SILENCE_AT_1_00,0.0,c77438b4ad4417a43725e297e2f6b15dffd0346a1e15c54a02346f1047332594,8642b0a511eacb11cbc80a1ad9fe8fd506b340ed714bb2243566dca0c98bda75,This is why design moves in cycles. A solution spreads because it works.
T078,S7 — The exceptions that matter,501.97,505.255,3.285,3.6,0.4,0.67,2.73,0.315,0.0,0.0,0.0,0.0,1.15,3.2,2.46,0.0,0.0,0.0,0.0,SAFE_TRIM_PLUS_UNIQUE_SILENCE_AT_1_00,0.0,1e2c419fdf285e2cf618c82cd097a2fad0bc9ec87a98ddaca9b7166634265ca1,a2c236ab365db6ef9be7e7545d793a3ab07516607b1503ed678ca051d7ad8d0a,It becomes a convention because it is copied.
T079,S7 — The exceptions that matter,505.255,510.73,5.475,5.225,0.42,0.675,4.33,0.0,0.0,0.0,0.0,0.0,1.0,5.225,4.34,0.0,0.0,0.0,0.0,SAFE_TRIM_PLUS_UNIQUE_SILENCE_AT_1_00,0.0,98d150655152d31b2dfcb7eafcfa406798f8f174e2916ca9c7ebc32333fc3e09,d5fb12b70b238401eec5e540a8d52b0e79a0a0e825272ef0583f3096ac434f14,Then the convention creates an opportunity for someone willing to break it.
T080,S7 — The exceptions that matter,511.58,514.96,3.38,4.175,0.41,0.665,3.3,0.795,0.02,0.02,0.0,0.0,1.15,3.75,3.01,0.0,0.0,0.0,0.0,SAFE_TRIM_PLUS_UNIQUE_SILENCE_AT_1_00,0.0,42cf4490e601b90a9d6b07e89e9d158c0374a4388ad82bde59dc5b554eed179c,fea9f700e6b82ee0606394baaaa4054051411d4ae45680757ca1f24fd913d1d0,Sameness contains the conditions for its own reversal.
T081,S8 — A more defensible answer,516.56,519.685,3.125,3.2,0.4,0.67,2.33,0.075,0.0,0.0,0.0,0.0,1.09,3.025,2.26,0.0,0.0,0.0,0.0,SAFE_TRIM_PLUS_UNIQUE_SILENCE_AT_1_00,0.0,999a42b9fd575865635373568e55fe266a0e3e62ef4e65921dc705f292309568,60e228b54e689d09e4fe76e4bb3fa96142ebd5487a25d08dfadc9a07bd309e0f,So why does everything look the same now?
T082,S8 — A more defensible answer,519.685,530.8,11.115,13.9,0.42,0.57,13.11,2.785,2.095,0.0,0.0,2.095,1.15,12.7,12.01,0.995,0.0,0.0,0.995,SURGICAL_TEXT_OR_EDITORIAL_REVIEW,0.995,f11f6292563e308247ee04b06655ad084a0393b40ddecf3c6ee98d383d72d28d,81f4974cf8bc2003e6a825d039bf0b482670913786a62f33cc651ab1406a518d,"Not because everything is the same. Because across the cases we have seen, design happens inside systems that reward legibility, familiarity, adaptability, and measurable performance."
T083,S8 — A more defensible answer,531.384,539.66,8.276,9.85,0.4,0.68,8.97,1.574,0.794,0.334,0.334,0.126,1.15,8.9,8.06,0.0,0.0,0.0,0.0,SAFE_TRIM_PLUS_UNIQUE_SILENCE_AT_ADAPTIVE_SPEED,0.0,ab69e1414d70a014775c8e9899012dc4859d89319204bfefcc96724fac5f759f,151d4e1a6ca22f2ba1db8b174d0917d3ee9444998293520fff347937ffae1e92,"Those pressures are real. They can help products function, interfaces remain usable, buildings get approved, and brands operate at scale."
T084,S8 — A more defensible answer,540.244,545.458,5.214,6.0,0.4,0.72,5.08,0.786,0.0,0.0,0.0,0.0,1.15,5.5,4.67,0.0,0.0,0.0,0.0,SAFE_TRIM_PLUS_UNIQUE_SILENCE_AT_1_00,0.0,6ee6d24203039ab66e15d195e492cd835123f2c6954394e0877df85437557242,e8a7dddf0e73ee11a672037363e8f2bf5c77c83b73fab2657aae11b1cf56ac43,The problem begins when a useful constraint is mistaken for an aesthetic commandment.
T085,S8 — A more defensible answer,545.458,561.932,16.474,16.425,0.43,0.775,15.42,0.0,0.0,0.0,0.0,0.0,1.03,16.075,15.09,0.0,0.0,0.0,0.0,SAFE_TRIM_PLUS_UNIQUE_SILENCE_AT_1_00,0.0,4ecfa90287035b2b366a8b80152fb87d51eb76b39a48646a6d7f80c1a320a1ff,aa022e8e448b3cdf1ff72929c7ffd8299c1851d6ad9005db44e092174e66a93a,When “easy to recognize” becomes “must look familiar.” When “adaptable” becomes “without local character.” When “low risk” becomes “without a point of view.” The world does not have to become identical for difference to become harder to defend.
T086,S8 — A more defensible answer,562.517,566.8,4.283,4.425,0.41,0.725,3.49,0.142,0.0,0.0,0.0,0.0,1.12,4.1,3.28,0.0,0.0,0.0,0.0,SAFE_TRIM_PLUS_UNIQUE_SILENCE_AT_1_00,0.0,6e80d210677627681c1822e97d0b3810e753071396e379fecf1c7e12751d5ba1,c6e85bfb6ad4bf86c4405446441fc46d89441cf9d3a21b9668ff94604cde8aa3,And perhaps that is the hidden cost of frictionless design.
T087,S8 — A more defensible answer,566.8,570.793,3.993,4.65,0.41,0.56,3.88,0.657,0.0,0.0,0.0,0.0,1.15,4.275,3.61,0.0,0.0,0.0,0.0,SAFE_TRIM_PLUS_UNIQUE_SILENCE_AT_1_00,0.0,d0c27d85362611697eafb789a469c9cb0eaab3783c3f1f6fa053789e87df5180,69988a25ad04ba19fa21efdc64e263f57488640e17bbe3c6140857499910c46d,We notice fewer bad surprises—but also fewer good ones.
T088,S8 — A more defensible answer,571.377,577.371,5.994,7.4,0.4,0.71,6.49,1.406,0.596,0.334,0.0,0.262,1.15,6.75,5.96,0.066,0.0,0.0,0.066,SURGICAL_TEXT_OR_EDITORIAL_REVIEW,0.066,0a99cd65cf9e5c7a28517bb9e955c32054b48f02d01173ffc31fff92020980cd,73a8de1c050850f133668f74ba54c4e85191ebd4f6b36b0d58d7f93369e2cf4e,"Personality requires an argument. It may cost more, divide opinion, age badly, or fail."
T089,S8 — A more defensible answer,577.371,584.619,7.248,7.6,0.43,0.68,6.69,0.352,0.0,0.0,0.0,0.0,1.09,7.125,6.26,0.0,0.0,0.0,0.0,SAFE_TRIM_PLUS_UNIQUE_SILENCE_AT_1_00,0.0,c221dd60e4647368310df8371922c3244268bdfd53cc9f559bec7c56165a5dcf,0131d54290d73f5467297948b2bba03de1783dc57cbff80b84b4796789b2dfd5,Many distinctive things began as choices that could not be defended by saying: everyone else is doing it.
T090,S8 — A more defensible answer,585.203,591.41,6.207,7.3,0.4,0.73,6.37,1.093,0.263,0.263,0.0,0.0,1.15,6.625,5.84,0.0,0.0,0.0,0.0,SAFE_TRIM_PLUS_UNIQUE_SILENCE_AT_1_00,0.0,18ac6d2596c6aa87edb125c687f851604c0324b366f1f2f6e72e573428490f38,505e18e04cca2551cbfe8b58443463c595ce03e35dcf944cdddc7b5a6f957b53,"Sameness is rarely imposed all at once. It accumulates, one reasonable decision at a time."
T091,S8 — A more defensible answer,591.994,596.96,4.966,5.7,0.4,0.73,4.77,0.734,0.0,0.0,0.0,0.0,1.15,5.05,4.21,0.0,0.0,0.0,0.0,SAFE_TRIM_PLUS_UNIQUE_SILENCE_AT_1_00,0.0,0c97a8c689cff9ce80001a1cede8af391c289c6b29136ba4804d9d7518734b0f,e8b58401d947a9cc2c75f0f52cb415f657f8b4d9e305d3c279f22a8aff00c5b4,And difference returns the same way: one defensible exception at a time.
